DATE,PERIOD,R,PLANETDISCMETH,numPlanets
2014,7.958203,0.095459,Transit,1
2016,3.27346074,0.085,Transit,1
2016,19.12947337,0.191,Transit,1
2010,10.290994,1.23,Transit,1
2016,27.495606,0.269,Transit,1
2016,9.478522,0.138,Transit,1
2016,5.03728015,0.11,Transit,1
2009,2.243752,1.281,Transit,1
2011,7.8125124,0.196096,Transit,1
2016,23.4774101,0.156,Transit,1
2016,122.363553,0.145,Transit,1
2011,3.6961219,0.170247,Transit,1
2011,3.039577,1.02,Transit,1
2014,3.137873,0.113302,Transit,1
2014,1.611865,0.140066,Transit,1
2016,11.89520511,0.118,Transit,1
2016,20.35972599,0.105,Transit,1
2016,0.9283105,0.114,Transit,1
2016,19.78297415,0.186,Transit,1
2016,4.9195838,0.248,Transit,1
2016,153.979578,0.244,Transit,1
2016,6.48021673,0.105,Transit,1
2016,12.2057513,0.285,Transit,1
2011,13.0241,0.255816,Transit,1
2016,22.0459018,0.334,Transit,1
2016,3.53232449,0.142,Transit,1
2016,56.0560538,0.188,Transit,1
2010,4.322482,1.07,Transit,1
2014,37.514456,0.232849,Transit,1
2014,7.267302,0.111418,Transit,1
2014,11.763051,0.207869,Transit,1
2016,21.38521506,0.211,Transit,1
2016,0.98678706,0.11,Transit,1
2016,2.03232507,0.178,Transit,1
2016,2.80624233,0.137,Transit,1
2016,15.4580567,0.749,Transit,1
2014,13.98179,0.174859,Transit,1
2010,101.11141,0.165939,Transit,1
2016,13.61159129,0.127,Transit,1
2014,11.349393,0.205192,Transit,1
2014,14.51143,0.130252,Transit,1
2016,2.24338185,0.151,Transit,1
2016,3.18897601,0.088,Transit,1
2016,13.71220213,0.208,Transit,1
2016,8.07124073,0.152,Transit,1
2014,12.412183,0.19181,Transit,1
2014,23.968127,0.178428,Transit,1
2011,3.764825,1.22,Transit,1
2014,13.342996,0.12479,Transit,1
2016,4.48558383,0.11,Transit,1
2014,57.68802,0.38362,Transit,1
2014,6.04045,0.115086,Transit,1
2016,13.22713379,0.21,Transit,1
2016,6.9424334,0.115,Transit,1
2016,4.45743164,0.097,Transit,1
2016,42.9495649,0.229,Transit,1
2016,84.703921,0.3,Transit,1
2016,4.33642933,0.153,Transit,1
2014,6.6264,0.24177,Transit,1
2014,47.332773,0.220359,Transit,1
2014,5.929778,0.169507,Transit,1
2016,3.43276598,0.067,Transit,1
2016,5.1762429,0.072,Transit,1
2016,0.66407381,0.108,Transit,1
2016,41.40831347,1.175,Transit,1
2016,106.247547,0.17,Transit,1
2016,13.32196237,0.192,Transit,1
2016,14.70748976,0.174,Transit,1
2016,4.03046804,0.413,Transit,1
2014,8.486616,0.12936,Transit,1
2014,11.815007,0.328308,Transit,1
2014,6.849692,0.121331,Transit,1
2014,25.209715,0.0811848,Transit,1
2014,29.726682,0.415737,Transit,1
2014,51.755394,0.319386,Transit,1
2016,10.52629406,0.818,Transit,1
2014,3.543919,0.095459,Transit,1
2014,10.139623,0.212329,Transit,1
2016,26.41045478,0.24,Transit,1
2016,5.08274652,0.126,Transit,1
2016,1.19655156,0.109,Transit,1
2016,5.30880656,0.094,Transit,1
2012,0.74296,0.0730903,Transit,1
2014,0.925542,1.528,Transit,1
2016,0.53835431,0.136,Transit,1
2014,18.369917,0.234633,Transit,1
2016,2.51462432,0.119,Transit,1
2014,3.38802,0.19181,Transit,1
2016,109.6471842,0.251,Transit,1
2014,14.12841,0.256044,Transit,1
2016,10.13202575,0.195,Transit,1
2014,140.101261,0.252476,Transit,1
2014,16.007583,0.215006,Transit,1
2016,7.01075434,0.162,Transit,1
2014,20.134866,0.212329,Transit,1
2011,5.714932,0.116766,Transit,1
2014,14.646008,0.251584,Transit,1
2016,19.76172042,0.137,Transit,1
2014,47.427737,0.199839,Transit,1
2014,6.155557,0.213222,Transit,1
2011,10.9129343,0.227293,Transit,1
2013,42.1516418,0.196987,Transit,1
2016,14.5539759,0.272,Transit,1
2010,0.78884,1.386,Transit,1
2014,92.876125,0.220359,Transit,1
2016,1.20846503,0.151,Transit,1
2014,25.660593,0.159693,Transit,1
2011,12.282356,0.320884,Transit,1
2014,3.282807,0.0981354,Transit,1
2014,7.054346,0.0918904,Transit,1
2016,27.5073799,0.259,Transit,1
2016,20.7056504,0.119,Transit,1
2016,20.925392,0.116,Transit,1
2014,4.645387,0.146311,Transit,1
2014,5.169796,0.173075,Transit,1
2016,24.3078946,0.187,Transit,1
2016,6.47027579,0.091,Transit,1
2014,4.393147,0.12936,Transit,1
2016,12.99207337,0.162,Transit,1
2014,33.884054,0.121331,Transit,1
2014,3.292781,0.13739,Transit,1
2016,24.85462415,0.512,Transit,1
2016,64.2737752,0.317,Transit,1
2014,8.109044,0.108841,Transit,1
2014,12.31043,0.124008,Transit,1
2016,0.93846683,0.127,Transit,1
2014,7.542427,0.150772,Transit,1
2016,20.50586978,0.314,Transit,1
2016,51.1110243,0.178,Transit,1
2016,16.54297375,0.201,Transit,1
2016,47.1611696,0.238,Transit,1
2014,4.244384,0.148987,Transit,1
2016,11.55102504,0.238,Transit,1
2016,4.17625551,0.287,Transit,1
2014,6.124821,0.139174,Transit,1
2010,8.6001536,1.99,Transit,1
2009,0.9414529,1.267,Transit,1
2010,8.886593,1.166,Transit,1
2014,29.393195,0.237309,Transit,1
2016,37.8144514,0.229,Transit,1
2014,5.370647,0.220359,Transit,1
2016,11.94014029,0.251,Transit,1
2016,5.12330347,0.175,Transit,1
2016,0.89304124,0.113,Transit,1
2016,1.79111021,0.13,Transit,1
2016,6.33855761,0.27,Transit,1
2016,2.27952666,0.083,Transit,1
2016,9.30412078,0.157,Transit,1
2013,13.485,0.316,Timing,1
2014,4.069427,0.145419,Transit,1
2016,16.08524954,0.261,Transit,1
2012,4.1137912,1.286,Transit,1
2011,0.837495,0.126327,Transit,1
2014,16.259458,0.132037,Transit,1
2016,7.69993485,0.082,Transit,1
2014,25.262887,0.157909,Transit,1
2016,99.747622,0.368,Transit,1
2016,34.2685705,0.207,Transit,1
2016,23.58447697,0.241,Transit,1
2014,18.794234,0.164154,Transit,1
2016,13.5630972,0.168,Transit,1
2014,12.56093,0.248907,Transit,1
2016,0.96286738,0.144,Transit,1
2014,10.613839,0.185565,Transit,1
2014,4.22864,0.145419,Transit,1
2016,2.05333679,0.099,Transit,1
2016,9.99761851,0.217,Transit,1
2014,38.715185,0.248907,Transit,1
2016,2.37030743,0.143,Transit,1
2016,5.32786292,0.089,Transit,1
2014,22.824669,0.300651,Transit,1
2016,12.61190667,0.658,Transit,1
2016,3.56809693,0.116,Transit,1
2014,2.382667,0.232849,Transit,1
2016,105.9564148,0.353,Transit,1
2009,3.0927616,1.08,Transit,1
2016,15.7738221,0.201,Transit,1
2010,3.735433,1.932,Transit,1
2012,10.338523,1.01,Transit,1
2014,6.919798,0.11241,Transit,1
2016,38.6519976,0.239,Transit,1
2014,54.155743,0.34169,Transit,1
2016,2.57885507,0.178,Transit,1
2016,5.99273738,0.078,Transit,1
2015,9.32414,0.14185,Transit,1
2014,3.3118644,0.89,Transit,1
2014,21.853722,0.146311,Transit,1
2014,10.02165,1.021,Transit,1
2013,2.484193,1.27,Transit,1
2016,5.57654784,0.087,Transit,1
2014,3.936981,0.281916,Transit,1
2014,5.470319,0.0999197,Transit,1
2016,259.33683,0.167,Transit,1
2016,3.38353807,0.128,Transit,1
2014,5.212333,0.0918904,Transit,1
2016,4.24153639,0.122,Transit,1
2016,8.10501635,0.144,Transit,1
2016,296.637865,0.567,Transit,1
2016,3.57554956,0.077,Transit,1
2013,11.6092567,0.138158,Transit,1
2014,6.388996,0.255152,Transit,1
2016,4.4968604,0.225,Transit,1
2014,3.7130203,1.164,Transit,1
2016,14.20443009,0.219,Transit,1
2016,11.62905828,0.098,Transit,1
2016,2.5904434,0.146,Transit,1
2014,17.340824,0.132929,Transit,1
2014,45.902733,0.118655,Transit,1
2016,8.79617863,0.178,Transit,1
2013,2.838971,0.916,Transit,1
2012,2.79736,1.178,Transit,1
2014,49.567416,0.220359,Transit,1
2016,33.2406882,0.151,Transit,1
2016,20.74028413,0.375,Transit,1
2016,85.7565495,0.096,Transit,1
2016,1.91694425,0.07,Transit,1
2016,469.63111,0.325,Transit,1
2016,10.35584657,0.155,Transit,1
2014,3.306539,0.0972433,Transit,1
2014,9.289715,1.085,Transit,1
2014,8.180848,0.206977,Transit,1
2011,5.91213,0.320884,Transit,1
2014,20.17202,0.685164,Transit,1
2016,4.37034536,0.124,Transit,1
2011,2.150008,1.789,Transit,1
2008,3.1915426,1.217,Transit,1
2016,10.3108245,0.128,Transit,1
2016,13.2217576,0.242,Transit,1
2014,37.993273,0.231956,Transit,1
2016,5.16950177,0.169,Transit,1
2016,4.44448017,0.159,Transit,1
2014,179.612,0.458519,Transit,1
2016,2.70730672,0.121,Transit,1
2016,96.16987,0.203,Transit,1
2014,9.024389,0.147203,Transit,1
2014,13.5708,0.223015,Transit,1
2014,4.754,0.16237,Transit,1
2016,31.80634,0.095,Transit,1
2016,25.30292332,0.34,Transit,1
2016,59.4970952,0.252,Transit,1
2016,1.97376093,1.162,Transit,1
2010,95.2738,1.05,Transit,1
2016,16.32976218,0.328,Transit,1
2016,10.99469878,0.211,Transit,1
2015,10.05403,0.195,Transit,1
2014,26.84768,0.290838,Transit,1
2016,10.29672521,0.184,Transit,1
2016,13.32351601,0.119,Transit,1
2014,6.562331,0.302436,Transit,1
2009,3.1186009,1.008,Transit,1
2014,2.240508,0.0945669,Transit,1
2013,331.60059,1.01,Transit,1
2014,15.9654,0.300624,Transit,1
2016,14.2563227,0.139,Transit,1
2016,22.08557563,0.265,Transit,1
2014,13.726976,0.217682,Transit,1
2016,7.84931739,0.068,Transit,1
2016,116.331901,0.266,Transit,1
2016,4.19449651,0.14,Transit,1
2016,7.46725407,0.105,Transit,1
2014,15.79186,0.211437,Transit,1
2016,0.78916165,0.094,Transit,1
2013,138.506,0.550851,Transit,1
2014,17.326644,0.220359,Transit,1
2011,39.792187,0.178,Transit,1
2016,8.02768059,0.83,Transit,1
2016,44.2008,0.106,Transit,1
2012,3.6623817,1.7,Transit,1
2016,16.2950903,0.095,Transit,1
2014,3.179997,0.139174,Transit,1
2016,201.1214,0.186,Transit,1
2016,2.89223021,0.058,Transit,1
2014,21.2227,0.224819,Transit,1
2011,143.343,0.784384,Transit,1
2016,2.12823928,0.062,Transit,1
2016,18.45847097,0.189,Transit,1
2016,4.70832654,0.75,Transit,1
2016,1.9214374,0.122,Transit,1
2016,76.378033,0.574,Transit,1
2014,28.551383,0.169507,Transit,1
2016,76.13602028,0.434,Transit,1
2016,5.72812599,0.131,Transit,1
2016,16.73652231,0.247,Transit,1
2016,0.84990789,0.075,Transit,1
2016,5.94504102,0.203,Transit,1
2014,16.85837,0.238201,Transit,1
2016,3.94963138,0.203,Transit,1
2016,0.98494017,0.077,Transit,1
2016,2.421848,0.0929141,Transit,1
2016,5.26341577,0.352,Transit,1
2016,39.4419839,0.117,Transit,1
2016,132.9968322,0.267,Transit,1
2016,24.58721573,0.223,Transit,1
2012,4.9816877,1.063,Transit,1
2016,3.91795101,0.092,Transit,1
2016,18.11472949,0.223,Transit,1
2014,9.751962,0.189134,Transit,1
2011,4.778,0.17133,Transit,1
2016,3.9466141,0.133,Transit,1
2012,2.694047,1.685,Transit,1
2016,15.0217983,0.126,Transit,1
2011,0.45328509,0.0650682,Transit,1
2016,16.75255007,0.133,Transit,1
2016,29.3494775,0.181,Transit,1
2016,19.80792185,0.221,Transit,1
2014,35.676062,0.297083,Transit,1
2011,7.8773565,0.187182,Transit,1
2016,1.00520701,0.097,Transit,1
2005,3.10129,1.25,Transit,1
2014,4.57953,0.14185,Transit,1
2016,5.37886844,0.17,Transit,1
2016,2.68505749,0.118,Transit,1
2016,71.4517775,0.19,Transit,1
2016,8.67888593,0.205,Transit,1
2007,5.6334729,1.157,Transit,1
2010,3.35524,1.242,Transit,1
2016,4.75793986,0.151,Transit,1
2014,7.8914483,1.15,Transit,1
2014,13.821375,0.156125,Transit,1
2016,3.85691855,0.09,Transit,1
2016,133.3036741,0.241,Transit,1
2016,47.9872764,0.246,Transit,1
2014,20.303005,0.175752,Transit,1
2014,4.662715,0.420198,Transit,1
2015,2.7347749,1.533,Transit,1
2016,2.22649109,0.214,Transit,1
2016,2.53573424,0.109,Transit,1
2016,19.1187753,0.158,Transit,1
2011,19.57706,0.0918085,Transit,1
2014,17.790037,0.251584,Transit,1
2016,0.63133235,0.13,Transit,1
2014,7.693641,0.209653,Transit,1
2014,7.055679,0.198947,Transit,1
2011,18.6489525,0.257599,Transit,1
2011,10.3039,0.1604,Transit,1
2011,13.722341,0.199661,Transit,1
2011,31.3309,0.436759,Transit,1
2016,8.05333618,0.099,Transit,1
2014,5.690586,0.261397,Transit,1
2013,2.07276,1.13,Transit,1
2010,4.885525,1.478,Transit,1
2016,30.36044667,0.981,Transit,1
2010,2.3412127,1.3,Transit,1
2011,5.723186,1.107,Transit,1
2012,105.595,0.387735,Transit,1
2016,4.14702026,0.624,Transit,1
2014,12.610584,0.136497,Transit,1
2016,6.77408868,0.238,Transit,1
2014,52.09059,0.653,Transit,1
2014,125.596809,0.263181,Transit,1
2016,11.12830484,0.439,Transit,1
2016,4.301662,0.219,Transit,1
2016,65.6478424,0.198,Transit,1
2010,4.8878162,0.422,Transit,1
2014,2.42629,0.127576,Transit,1
2014,4.166972,0.208761,Transit,1
2016,40.6994443,0.333,Transit,1
2014,8.25978,0.120439,Transit,1
2016,42.913751,0.241,Transit,1
2014,6.252972,0.196271,Transit,1
2016,6.07972888,0.163,Transit,1
2014,10.104665,0.120439,Transit,1
2016,1.31155557,0.113,Transit,1
2016,8.1934719,0.136,Transit,1
2014,2.50806,0.313113,Transit,1
2014,8.990889,0.231956,Transit,1
2014,17.934937,0.122223,Transit,1
2016,26.0840594,0.154,Transit,1
2014,33.197861,0.164154,Transit,1
2016,7.20283653,0.329,Transit,1
2016,3.744439,0.097,Transit,1
2014,46.827915,0.215006,Transit,1
2014,18.746477,0.223035,Transit,1
2016,2.82019241,0.213,Transit,1
2012,3.89713,1.29,Transit,1
2014,40.806231,0.297083,Transit,1
2016,25.85501786,0.231,Transit,1
2016,3.70598955,0.238,Transit,1
2016,84.5733226,0.255,Transit,1
2014,12.465988,0.523686,Transit,1
2014,2.024152,0.177536,Transit,1
2016,54.5094166,0.153,Transit,1
2016,51.84688575,0.774,Transit,1
2016,1.10446351,0.151,Transit,1
2014,7.953528,0.196271,Transit,1
2016,13.24934059,0.24,Transit,1
2014,10.475464,0.174859,Transit,1
2016,19.9400874,0.266,Transit,1
2016,18.0540381,0.131,Transit,1
2014,11.932125,0.182889,Transit,1
2007,3.056536,1.274,Transit,1
2016,3.51576315,0.11,Transit,1
2016,3.2432598,1.286,Transit,1
2011,4.124481,1.024,Transit,1
2016,6.83437001,0.079,Transit,1
2016,16.8601286,0.178,Transit,1
2016,12.2854603,0.231,Transit,1
2014,30.864423,0.213222,Transit,1
2016,9.66857723,0.178,Transit,1
2014,11.379349,0.34169,Transit,1
2016,11.35011917,0.194,Transit,1
2014,6.511127,0.237309,Transit,1
2014,15.955387,0.173967,Transit,1
2016,45.1263042,0.232,Transit,1
2016,1.49514952,0.079,Transit,1
2016,28.5057189,0.252,Transit,1
2016,37.6467384,0.195,Transit,1
2016,11.29695137,0.152,Transit,1
2012,3.1260876,1.16,Transit,1
2016,32.2968798,0.157,Transit,1
2016,39.64317811,0.948,Transit,1
2010,3.52563254,1.08,Transit,1
2016,1.44259224,0.228,Transit,1
2016,89.722292,0.175,Transit,1
2016,10.10769068,0.147,Transit,1
2014,12.162701,0.14185,Transit,1
2016,41.43962808,0.422,Transit,1
2016,3.41303622,0.467,Transit,1
2014,24.08821,0.0990276,Transit,1
2011,1.4857108,1.33,Transit,1
2011,3.474474,1.686,Transit,1
2016,21.81293494,0.277,Transit,1
2016,16.301259,0.109,Transit,1
2016,26.7839183,0.172,Transit,1
2016,30.8638931,0.258,Transit,1
2014,34.260281,0.212329,Transit,1
2016,2.78815679,0.08,Transit,1
2016,3.87595807,0.069,Transit,1
2016,11.41909375,0.249,Transit,1
2016,20.16034462,0.145,Transit,1
2016,6.69960006,0.114,Transit,1
2016,18.00931444,0.465,Transit,1
2016,10.35863224,0.149,Transit,1
2016,21.3587621,0.248,Transit,1
2016,33.469743,0.181,Transit,1
2016,3.27646405,0.162,Transit,1
2016,60.866168,0.159,Transit,1
2014,6.057342,0.159693,Transit,1
2014,13.5405,0.199839,Transit,1
2016,6.02930132,0.274,Transit,1
2014,15.38231,0.192702,Transit,1
2012,1.43037,1.31,Transit,1
2016,14.13176026,0.254,Transit,1
2014,1.732342,0.117763,Transit,1
2016,40.9903986,0.181,Transit,1
2016,12.12400943,0.202,Transit,1
2016,3.10550819,0.222,Transit,1
2016,8.40691199,0.103,Transit,1
2016,10.94027841,0.199,Transit,1
2014,8.5234865,0.942,Transit,1
2014,36.445171,0.173967,Transit,1
2016,10.45843441,0.119,Transit,1
2014,10.349695,0.109733,Transit,1
2016,15.65562652,0.253,Transit,1
2014,7.810937,0.0936747,Transit,1
2014,41.008011,0.202516,Transit,1
2014,9.939632,0.119547,Transit,1
2014,17.232366,0.262289,Transit,1
2016,4.33946454,0.149,Transit,1
2014,8.371554,0.101704,Transit,1
2007,4.4652934,1.242,Transit,1
2014,129.9459,0.098939,Transit,1
2016,37.3229493,0.177,Transit,1
2014,25.672083,0.219467,Transit,1
2009,2.4855335,1.61,Transit,1
2011,8.0109434,0.187182,Transit,1
2016,49.6077331,0.175,Transit,1
2014,25.762294,0.24177,Transit,1
2016,38.1312831,0.17,Transit,1
2016,76.957857,0.165,Transit,1
2014,19.986326,0.236417,Transit,1
2016,25.369116,0.135,Transit,1
2016,1.41122985,0.13,Transit,1
2016,10.04556931,0.203,Transit,1
2014,8.436387,0.131145,Transit,1
2014,17.91323,0.107057,Transit,1
2016,18.1373829,0.102,Transit,1
2014,5.925003,0.278348,Transit,1
2016,4.69500134,0.127,Transit,1
2016,12.05707239,0.176,Transit,1
2010,3.53269,1.12,Transit,1
2016,38.47875707,1.19,Transit,1
2016,22.24813967,0.228,Transit,1
2016,7.25844721,0.559,Transit,1
2007,2.1522254,1.077,Transit,1
2014,5.341853,0.089214,Transit,1
2014,9.439452,0.364885,Transit,1
2016,6.14727918,0.071,Transit,1
2014,5.217738,0.0794005,Transit,1
2011,60.3231,1.09635,Transit,1
2014,3.763024,0.130252,Transit,1
2011,4.3176782,1.22,Transit,1
2014,135.498527,0.551343,Transit,1
2016,3.26869515,1.039,Transit,1
2016,31.1750448,0.138,Transit,1
2016,161.4743937,0.284,Transit,1
2014,2.68432848,1.2,Transit,1
2011,3.21222,1.08,Transit,1
2016,10.65276707,0.204,Transit,1
2016,24.7576421,0.262,Transit,1
2014,3.40883,1.213,Transit,1
2014,2.795906,0.152556,Transit,1
2009,0.85359163,0.143989,Transit,1
2016,22.4764425,0.148,Transit,1
2016,35.1810304,0.376,Transit,1
2016,20.83424726,0.252,Transit,1
2014,35.118736,0.246231,Transit,1
2016,1.11854972,0.095,Transit,1
2014,9.576694,0.258721,Transit,1
2016,13.68237119,0.145,Transit,1
2014,33.416423,0.21679,Transit,1
2016,2.89221751,0.111,Transit,1
2016,16.5861762,0.135,Transit,1
2013,3.446459,1.302,Transit,1
2016,0.97191543,0.064,Transit,1
2014,28.906009,0.0624498,Transit,1
2001,111.4367,1.029,RV,1
2016,5.01423457,1.335,Transit,1
2014,16.709184,0.189134,Transit,1
2016,23.2382792,0.15,Transit,1
2011,2.455239,0.96,Transit,1
2011,5.398763,0.205901,Transit,1
2016,8.49642241,0.186,Transit,1
2016,16.01310205,0.232,Transit,1
2016,98.7180406,0.801,Transit,1
2014,9.694928,0.189134,Transit,1
2012,2.17517656,1.7,Transit,1
2014,190.323494,0.729771,Transit,1
2016,44.96417488,0.19,Transit,1
2014,107.723601,0.347043,Transit,1
2016,78.1000231,0.284,Transit,1
2016,16.22371307,0.135,Transit,1
2016,8.63043276,0.148,Transit,1
2014,56.228098,0.223927,Transit,1
2016,7.97419807,0.17,Transit,1
2014,20.306546,0.146311,Transit,1
2014,4.362705,0.145419,Transit,1
2014,19.446355,0.270319,Transit,1
2014,21.869741,0.140958,Transit,1
2016,5.74347727,0.298,Transit,1
2014,45.348269,0.100812,Transit,1
2016,4.12554687,0.431,Transit,1
2016,14.37508035,0.153,Transit,1
2016,10.37168453,0.259,Transit,1
2016,7.16892463,0.151,Transit,1
2016,7.74809437,0.531,Transit,1
2016,15.0330105,0.107,Transit,1
2016,87.9732136,0.316,Transit,1
2016,51.300634,0.256,Transit,1
2015,24.6454,0.157,Transit,1
2016,13.24503188,0.145,Transit,1
2016,8.73485836,0.162,Transit,1
2014,31.805174,0.244446,Transit,1
2011,38.5583038,0.282556,Transit,1
2016,2.23749275,0.119,Transit,1
2016,11.01816836,0.227,Transit,1
2014,4.915379,0.157909,Transit,1
2016,81.4162941,0.351,Transit,1
2014,8.921099,0.123115,Transit,1
2014,10.558345,0.10438,Transit,1
2014,0.6693109,0.095459,Transit,1
2016,1.22486632,0.1,Transit,1
2007,1.30619,1.336,Transit,1
2014,2.061897,0.14988,Transit,1
2016,3.04033042,0.822,Transit,1
2011,45.29485,0.209653,Transit,1
2016,53.5293487,0.217,Transit,1
2014,36.924931,0.240878,Transit,1
2010,3.6001053,0.0367,Transit,1
2016,8.60010411,0.394,Transit,1
2014,9.653471,0.245339,Transit,1
2014,30.826557,0.278348,Transit,1
2014,44.699576,0.280132,Transit,1
2014,3.162697,0.22928,Transit,1
2016,4.46975774,0.206,Transit,1
2010,3.234723,1.323,Transit,1
2016,5.64067757,0.384,Transit,1
2014,20.050401,0.206084,Transit,1
2014,34.060467,0.242662,Transit,1
2014,16.725948,0.110625,Transit,1
2015,3.0440499,1.212,Transit,1
2016,3.70921385,0.112,Transit,1
2016,5.94566534,0.112,Transit,1
2016,117.9310878,0.93,Transit,1
2014,2.927128,0.117763,Transit,1
2016,14.878296,0.156,Transit,1
2016,99.2530951,0.158,Transit,1
2014,91.353282,0.160585,Transit,1
2014,15.274299,0.196271,Transit,1
2016,6.92101021,0.144,Transit,1
2013,10.423648,0.3937,Transit,1
2013,2.184673,1.21,Transit,1
2016,5.62153941,0.113,Transit,1
2012,8.726,0.203,Transit,1
2016,23.20584623,0.424,Transit,1
2011,4.234516,0.565,Transit,1
2016,15.0540329,0.149,Transit,1
2014,20.834237,0.209653,Transit,1
2016,2.3432319,0.105,Transit,1
2016,1.28958811,0.13,Transit,1
2011,6.098493,0.0773688,Transit,1
2014,19.850242,0.203408,Transit,1
2016,3.89593684,0.871,Transit,1
2011,18.16406,0.173812,Transit,1
2016,7.411141,0.221,Transit,1
2013,54.32031,0.5978,Transit,1
2016,4.09357325,0.235,Transit,1
2016,11.72292176,0.2,Transit,1
2016,12.98495573,0.159,Transit,1
2016,4.89337519,0.14,Transit,1
2016,5.77721211,0.153,Transit,1
2016,8.0472642,0.213,Transit,1
2014,77.473633,0.223035,Transit,1
2014,5.326718,0.220359,Transit,1
2014,6.308205,0.269426,Transit,1
2016,3.3004192,0.155,Transit,1
2016,10.57,2.37,Transit,1
2016,12.5720095,0.106,Transit,1
2016,27.07237711,0.194,Transit,1
2014,4.309427,0.13739,Transit,1
2016,1.93155984,0.211,Transit,1
2016,213.257663,0.277,Transit,1
2010,2.99433,1.43,Transit,1
2014,14.871572,0.125792,Transit,1
2014,41.809118,0.192702,Transit,1
2016,0.63642408,0.115,Transit,1
2014,4.081423,0.082969,Transit,1
2010,177.6693,0.20787,Transit,1
2016,3.48159251,0.099,Transit,1
2016,27.5722742,0.173,Transit,1
2014,15.054786,0.165938,Transit,1
2004,2.64385,0.3767,RV,1
2016,10.41725184,0.127,Transit,1
2014,4.761702,0.255152,Transit,1
2016,184.256405,0.203,Transit,1
2016,8.57503552,0.367,Transit,1
2016,1.6168837,0.178,Transit,1
2014,4.302149,0.177536,Transit,1
2014,25.745718,0.138282,Transit,1
2014,8.005777,0.21679,Transit,1
2016,6.52121067,0.299,Transit,1
2016,196.435224,0.185,Transit,1
2014,14.589347,0.200732,Transit,1
2016,52.0688601,0.206,Transit,1
2016,21.41616926,0.189,Transit,1
2011,3.577469,1.16,Transit,1
2014,9.848183,0.178428,Transit,1
2014,18.643577,0.175752,Transit,1
2014,4.337234,0.148987,Transit,1
2016,11.11990653,0.185,Transit,1
2016,14.88801098,0.161,Transit,1
2014,21.347262,0.201624,Transit,1
2016,61.6178167,0.326,Transit,1
2012,4.457243,1.73,Transit,1
2016,8.02511821,0.637,Transit,1
2014,87.090195,0.230172,Transit,1
2014,11.008151,0.190026,Transit,1
2014,15.660544,0.232849,Transit,1
2016,80.8720639,0.534,Transit,1
2016,214.886545,0.229,Transit,1
2016,6.49168426,0.822,Transit,1
2016,214.3114164,0.852,Transit,1
2016,29.6091744,0.103,Transit,1
2014,2.461069,0.0740476,Transit,1
2014,5.996553,0.284593,Transit,1
2016,3.85560355,1.238,Transit,1
2016,0.93511806,0.082,Transit,1
2014,8.472382,0.21679,Transit,1
2016,5.3227406,0.147,Transit,1
2014,7.518496,0.174859,Transit,1
2016,39.859484,0.112,Transit,1
2016,160.8846509,0.755,Transit,1
2014,12.691112,0.163262,Transit,1
2016,25.2034787,0.211,Transit,1
2016,16.3583055,0.168,Transit,1
2016,22.36656079,0.258,Transit,1
2016,5.34264507,0.205,Transit,1
2014,8.307872,0.181104,Transit,1
2016,9.61375356,0.27,Transit,1
2012,9.3761368,0.248685,Transit,1
2016,15.59461874,0.259,Transit,1
2016,31.7785901,0.148,Transit,1
2016,0.63400294,0.136,Transit,1
2014,25.563222,0.314926,Transit,1
2016,1.510848,0.101541,Transit,1
2016,15.18725932,0.204,Transit,1
2016,2.71603809,0.095,Transit,1
2016,4.41745855,0.259,Transit,1
2014,77.095691,0.357748,Transit,1
2014,2.403679,0.0972433,Transit,1
2016,0.92990668,0.136,Transit,1
2016,3.9324613,0.142,Transit,1
2014,13.817124,0.133821,Transit,1
2011,3.024095,1.2,Transit,1
2014,13.930698,0.106165,Transit,1
2014,10.08881,0.413953,Transit,1
2016,8.45808312,0.211,Transit,1
2016,81.73780699,0.202,Transit,1
2014,7.8457,1.193,Transit,1
2009,4.3530135,1.407,Transit,1
2016,2.53918318,0.176,Transit,1
2012,12.883,0.215,Transit,1
2016,4.85386933,0.155,Transit,1
2016,34.18890521,0.282,Transit,1
2014,40.101371,0.262289,Transit,1
2011,5.508023,0.995,Transit,1
2016,38.3774623,0.223,Transit,1
2014,6.475434,0.164154,Transit,1
2016,5.11177904,0.272,Transit,1
2016,9.59070716,0.19,Transit,1
2014,4.62332,0.0758319,Transit,1
2011,0.813475,0.93,Transit,1
2016,26.548955,0.095,Transit,1
2014,43.595792,0.30422,Transit,1
2011,21.0874,1.22,Transit,1
2016,100.8274113,0.339,Transit,1
2016,5.45298175,0.071,Transit,1
2016,19.67416124,0.148,Transit,1
2016,5.60014851,0.135,Transit,1
2016,5.50860439,0.115,Transit,1
2016,3.97076766,0.125,Transit,1
2016,53.44945593,0.572,Transit,1
2016,5.15448442,0.226,Transit,1
2014,9.360672,0.144527,Transit,1
2014,3.701212,0.157909,Transit,1
2014,4.954,1.7,Transit,1
2011,10.3376,0.320884,Transit,1
2016,11.30119217,0.175,Transit,1
2016,1.97034246,0.132,Transit,1
2011,8.14561,0.213923,Transit,1
2016,13.14497566,0.14,Transit,1
2014,4.646186,0.135605,Transit,1
2016,1.26025909,0.278,Transit,1
2012,9.77,0.252,Transit,1
2016,18.92540274,0.205,Transit,1
2016,17.27629612,0.689,Transit,1
2016,85.7350285,0.272,Transit,1
2016,22.9221266,0.128,Transit,1
2016,38.5053398,0.227,Transit,1
2016,18.2206421,0.185,Transit,1
2008,4.2568,1.01,Transit,1
2014,12.509529,0.124008,Transit,1
2016,17.4211749,0.287,Transit,1
2016,2.36436901,0.073,Transit,1
2014,100.283134,0.223035,Transit,1
2016,14.0329154,0.118,Transit,1
2012,4.640382,0.825,Transit,1
2016,11.17931605,0.12,Transit,1
2011,14.85888,0.622714,Transit,1
2016,34.3511874,0.247,Transit,1
2014,3.930821,0.106165,Transit,1
2016,56.6449279,0.188,Transit,1
2014,18.010199,0.138282,Transit,1
2014,2.566546,0.136497,Transit,1
2014,2.58664,0.132037,Transit,1
2013,3.4252602,1.2,Transit,1
2016,86.828989,0.125,Transit,1
2016,8.51203588,0.188,Transit,1
2014,15.771044,0.262289,Transit,1
2016,130.3546919,0.682,Transit,1
2014,12.125934,0.12936,Transit,1
2016,14.7967458,0.087,Transit,1
2014,9.825792,0.230172,Transit,1
2016,3.83309118,0.157,Transit,1
2014,44.840975,0.202516,Transit,1
2016,240.7989397,0.63,Transit,1
2014,3.783986,0.145419,Transit,1
2014,8.115317,0.249799,Transit,1
2016,15.6049212,0.136,Transit,1
2016,26.0204423,0.285,Transit,1
2016,14.5564533,0.139,Transit,1
2016,4.49876092,0.214,Transit,1
2013,282.5255,0.902041,Transit,1
2016,1.9078052,0.079,Transit,1
2011,1.9000693,1.31,Transit,1
2016,4.58352176,0.732,Transit,1
2016,30.8609366,0.083,Transit,1
2014,11.32972,0.128468,Transit,1
2016,4.89718784,0.114,Transit,1
2016,5.14438011,0.128,Transit,1
2014,3.132924,0.124008,Transit,1
2016,62.8691611,0.121,Transit,1
2016,4.34728553,0.168,Transit,1
2016,8.09219642,0.102,Transit,1
2014,2.75564,0.134713,Transit,1
2010,147.6606,0.164155,Transit,1
2016,3.72215641,0.253,Transit,1
2013,210.60697,0.723,Transit,1
2009,1.58040482,0.2389,Transit,1
2016,4.51436633,0.167,Transit,1
2016,35.622233,0.299,Transit,1
2014,83.446393,0.301543,Transit,1
2014,11.448708,0.103488,Transit,1
2014,17.028937,0.234633,Transit,1
2016,8.3839865,0.081,Transit,1
2016,22.12679948,0.149,Transit,1
2016,12.91375431,0.296,Transit,1
2012,3.652836,1.19,Transit,1
2014,42.473269,0.177536,Transit,1
2016,6.30560247,0.101,Transit,1
2016,0.76486493,0.093,Transit,1
2016,1.87788275,0.079,Transit,1
2016,24.3347127,0.212,Transit,1
2016,37.3331536,0.145,Transit,1
2014,3.128992,1.426,Transit,1
2014,14.425281,0.0856455,Transit,1
2014,8.01041,0.151664,Transit,1
2016,33.8678531,0.209,Transit,1
2014,43.130617,0.222143,Transit,1
2016,6.57531678,0.48,Transit,1
2014,20.026218,0.177536,Transit,1
2016,58.3620495,0.621,Transit,1
2016,24.99324193,0.201,Transit,1
2016,0.57103852,0.12,Transit,1
2010,38.90861,0.823,Transit,1
2014,15.31299,0.198947,Transit,1
2016,13.73469807,0.194,Transit,1
2014,6.766888,0.107949,Transit,1
2011,42.6318,0.374365,Transit,1
2012,26.444,0.357,Transit,1
2016,22.18329658,0.249,Transit,1
2016,2.76122421,0.1,Transit,1
2014,7.240193,0.209653,Transit,1
2016,30.4549136,0.188,Transit,1
2014,25.216751,0.113302,Transit,1
2016,6.5100253,0.203,Transit,1
2016,6.99692655,0.374,Transit,1
2016,13.5225106,0.189,Transit,1
2016,94.2887577,0.204,Transit,1
2016,142.544247,0.243,Transit,1
2014,13.060022,0.0704791,Transit,1
2011,59.87756,0.191639,Transit,1
2016,54.6495759,0.207,Transit,1
2016,50.28638192,0.338,Transit,1
2012,7.053,0.241,Transit,1
2016,65.6488341,0.341,Transit,1
2016,6.24146367,0.136,Transit,1
2016,3.54553021,0.103,Transit,1
2014,10.937304,0.200732,Transit,1
2016,168.811174,0.159,Transit,1
2011,3.24674,1.24,Transit,1
2014,2.580827,0.117763,Transit,1
2014,11.094286,0.360425,Transit,1
2016,120.0181272,0.425,Transit,1
2014,3.25427,0.143635,Transit,1
2014,36.277108,0.270319,Transit,1
2016,5.69919514,0.11,Transit,1
2016,4.02582254,0.146,Transit,1
2016,1.34059747,0.109,Transit,1
2016,0.88184115,0.116,Transit,1
2014,23.668205,0.27924,Transit,1
2014,16.568087,0.238201,Transit,1
2016,12.43931193,0.114,Transit,1
2014,51.078775,0.320278,Transit,1
2016,9.4060467,0.119,Transit,1
2016,5.79180156,0.15,Transit,1
2016,28.625653,0.222,Transit,1
2016,4.77468005,0.071,Transit,1
2014,3.281959,0.130252,Transit,1
2016,425.47785,0.288,Transit,1
2016,16.92344113,0.324,Transit,1
2016,21.30022655,0.309,Transit,1
2005,2.8758911,0.654,RV,1
2014,3.8867907,0.0953739,Transit,1
2014,22.714613,0.319386,Transit,1
2016,5.35016198,0.239,Transit,1
2016,4.8663815,0.103,Transit,1
2014,55.188023,0.224819,Transit,1
2014,67.831024,0.231064,Transit,1
2012,1.3371182,1.144,Transit,1
2016,12.27065865,0.144,Transit,1
2014,19.254196,0.273887,Transit,1
2014,7.650254,0.202516,Transit,1
2016,24.4973698,0.237,Transit,1
2016,34.8538276,0.261,Transit,1
2014,2.691548,1.413,Transit,1
2016,9.07097734,0.269,Transit,1
2016,92.263714,0.193,Transit,1
2014,53.578637,0.107057,Transit,1
2014,14.970418,0.225711,Transit,1
2016,8.07392849,0.13,Transit,1
2014,7.381998,0.3292,Transit,1
2013,114.73635,1.21,Timing,1
2016,26.39435646,0.275,Transit,1
2016,3.75083228,0.413,Transit,1
2008,2.204737,1.363,Transit,1
2014,6.827766,0.103488,Transit,1
2014,26.234138,0.174859,Transit,1
2016,4.29264638,0.07,Transit,1
2016,11.95398936,0.196,Transit,1
2016,0.56785714,0.135,Transit,1
2011,6.87188,1.09,Transit,1
2014,3.8681382,1.057,Transit,1
2014,157.072878,0.301543,Transit,1
2016,15.0447198,0.103,Transit,1
2016,3.99010623,0.806,Transit,1
2011,13.2907,0.25849,Transit,1
2016,2.35895152,0.077,Transit,1
2010,4.5458841,0.0453,Transit,1
2016,46.4063358,0.242,Transit,1
2016,17.58752333,0.322,Transit,1
2009,3.361006,1.224,Transit,1
2016,24.4002549,0.215,Transit,1
2016,184.771853,0.22,Transit,1
2014,13.137471,0.157909,Transit,1
2014,6.195469,0.107949,Transit,1
2014,20.739886,0.169507,Transit,1
2014,10.05537,0.0767241,Transit,1
2014,7.416397,0.1249,Transit,1
2014,2.735926,0.146311,Transit,1
2016,77.2548396,0.293,Transit,1
2014,5.433074,0.127576,Transit,1
2014,1.7554137,1.137,Transit,1
2015,4.971252,1.04,Transit,1
2016,4.27103091,0.108,Transit,1
2016,9.98969327,0.215,Transit,1
2014,56.47542,0.301543,Transit,1
2014,4.977656,0.126684,Transit,1
2014,30.950851,0.0990276,Transit,1
2011,16.3850021,0.164007,Transit,1
2016,62.8916228,0.21,Transit,1
2016,6.49441289,0.12,Transit,1
2016,91.080482,0.274,Transit,1
2013,5.75251,1.1,Transit,1
2016,10.03538581,0.456,Transit,1
2007,2.788491,1.254,Transit,1
2016,25.3842686,0.201,Transit,1
2014,4.164389,0.211437,Transit,1
2014,11.38848,0.213222,Transit,1
2016,3.00725242,0.17,Transit,1
2016,2.75235975,0.252,Transit,1
2014,4.125103,0.0820769,Transit,1
2016,29.00790538,0.211,Transit,1
2016,2.81650485,1.176,Transit,1
2016,1.47532231,0.107,Transit,1
2016,17.1369543,0.186,Transit,1
2010,12.8747099,1.13,Transit,1
2016,4.13827595,0.092,Transit,1
2011,228.776,0.7538,Transit,1
2011,22.7802,0.240663,Transit,1
2013,15.5741568,0.254925,Transit,1
2016,12.1097104,0.221,Transit,1
2016,42.1917357,0.182,Transit,1
2016,5.71668872,0.169,Transit,1
2006,1.21986983,1.497,Transit,1
2004,3.030065,1.067,Transit,1
2016,3.74910006,0.128,Transit,1
2011,122.3874,0.143507,Transit,1
2014,6.312501,0.19181,Transit,1
2016,2.44357812,0.071,Transit,1
2016,14.30511983,0.281,Transit,1
2010,13.2406,0.97,Transit,1
2016,28.8432647,0.211,Transit,1
2014,5.914323,0.118655,Transit,1
2014,24.310856,0.208761,Transit,1
2012,4.411953,1.39,Transit,1
2016,8.30864937,0.207,Transit,1
2016,32.657212,0.263,Transit,1
2016,6.76284377,0.091,Transit,1
2014,40.714955,0.200732,Transit,1
2016,4.83817712,0.133,Transit,1
2014,33.653079,0.322063,Transit,1
2016,16.21775407,0.252,Transit,1
2016,6.03356196,0.296,Transit,1
2016,30.99660733,0.197,Transit,1
2011,6.2385,0.24177,Transit,1
2014,7.406097,0.122223,Transit,1
2014,3.546511,0.192702,Transit,1
2016,2.52559332,0.237,Transit,1
2016,25.96200249,0.303,Transit,1
2016,6.2171292,0.118,Transit,1
2016,124.5244647,0.237,Transit,1
2014,34.21154,0.105273,Transit,1
2009,3.722465,0.91,Transit,1
2014,21.2234,0.248907,Transit,1
2016,4.28095859,0.24,Transit,1
2016,4.55139967,0.102,Transit,1
2016,3.0091324,0.114,Transit,1
2016,220.1303357,0.492,Transit,1
2016,18.47764449,0.153,Transit,1
2013,12.4417,0.0481326,Transit,1
2014,67.968015,0.158801,Transit,1
2016,13.93290318,0.131,Transit,1
2016,9.46781405,0.194,Transit,1
2016,3.31494634,0.294,Transit,1
2014,9.488015,0.277456,Transit,1
2011,13.17562,0.28523,Transit,1
2016,66.5579057,0.167,Transit,1
2016,13.9093583,0.126,Transit,1
2016,52.6298417,0.198,Transit,1
2014,10.300682,0.208761,Transit,1
2016,18.202,0.103454,Transit,1
2011,1.51214,1.09,Transit,1
2016,5.10115756,0.068,Transit,1
2016,127.8338098,0.543,Transit,1
2016,22.20813214,0.284,Transit,1
2016,2.36172433,0.146,Transit,1
2014,25.751974,0.223927,Transit,1
2014,31.781925,0.2043,Transit,1
2016,7.1396941,0.184,Transit,1
2014,3.072186,0.155232,Transit,1
2014,5.931194,0.186457,Transit,1
2014,39.459357,0.222143,Transit,1
2016,16.00494214,0.317,Transit,1
2008,9.20205,1.19,Transit,1
2016,151.86392,0.294,Transit,1
2011,4.008778,1.132,Transit,1
2016,3.60147201,0.261,Transit,1
2016,31.5922646,0.141,Transit,1
2016,8.1818246,0.164,Transit,1
2016,1.06378867,0.114,Transit,1
2016,14.4541302,0.084,Transit,1
2011,12.3318,0.249577,Transit,1
2012,303.158,0.419091,Transit,1
2014,31.517586,0.253368,Transit,1
2016,11.04603384,0.201,Transit,1
2015,9.1205,0.231,Transit,1
2016,61.0370117,0.274,Transit,1
2016,17.76080053,0.185,Transit,1
2011,41.02902,0.39754,Transit,1
2014,5.968734,0.305112,Transit,1
2016,40.4287755,0.322,Transit,1
2016,6.91134416,0.152,Transit,1
2014,4.901425,0.161477,Transit,1
2014,27.434389,0.231956,Transit,1
2014,6.48163,0.211437,Transit,1
2016,7.33683936,0.146,Transit,1
2016,6.10485286,0.318,Transit,1
2014,96.101141,0.336337,Transit,1
2016,16.56059504,0.228,Transit,1
2016,10.21420496,0.212,Transit,1
2013,124.9144,0.26,Transit,1
2016,11.08507637,0.207,Transit,1
2016,4.14787559,0.172,Transit,1
2016,2.10472218,0.249,Transit,1
2016,1.02267882,0.121,Transit,1
2014,7.930592,0.285485,Transit,1
2012,16.23855,0.327926,Transit,1
2014,20.477912,0.351503,Transit,1
2014,11.5789,0.182889,Transit,1
2007,2.615857,0.983,Transit,1
2016,20.38177573,0.276,Transit,1
2014,16.738661,0.24177,Transit,1
2014,12.794585,0.136497,Transit,1
2014,9.182417,0.115086,Transit,1
2014,16.23844,0.238201,Transit,1
2011,22.6845,0.2781,Transit,1
2016,8.74199772,0.148,Transit,1
2016,2.66831376,0.136,Transit,1
2016,18.7546998,0.18,Transit,1
2014,6.16486,0.073149,Transit,1
2016,1.31184443,0.136,Transit,1
2016,7.25696522,0.294,Transit,1
2012,4.37808,1.43,Transit,1
2011,29.334,0.347625,Transit,1
2016,11.36112327,0.244,Transit,1
2014,28.7798,0.190026,Transit,1
2016,11.79162572,0.172,Transit,1
2014,2.936532,0.133821,Transit,1
2016,8.31378306,0.23,Transit,1
2016,2.27163926,0.115,Transit,1
2014,3.553822,0.145419,Transit,1
2014,4.224537,0.123115,Transit,1
2014,6.87745,0.190026,Transit,1
2010,2.77596,1.289,Transit,1
2007,3.553945,1.783,Transit,1
2014,19.271566,0.172183,Transit,1
2014,10.687576,0.210545,Transit,1
2013,7.1316185,0.203227,Transit,1
2016,2.85234897,0.114,Transit,1
2016,4.16055856,0.07,Transit,1
2014,15.228958,0.272995,Transit,1
2014,14.496481,0.178428,Transit,1
2014,32.625555,0.380052,Transit,1
2016,8.98101683,0.272,Transit,1
2016,4.24261881,0.103,Transit,1
2016,3.55485691,0.159,Transit,1
2016,2.49577962,1.523,Transit,1
2014,57.24809,0.284593,Transit,1
2016,15.95994513,0.2,Transit,1
2014,11.189562,0.165046,Transit,1
2014,5.262155,0.117763,Transit,1
2016,6.9913086,0.186,Transit,1
2014,16.087845,0.201624,Transit,1
2014,26.695074,0.132037,Transit,1
2016,45.0904643,0.164,Transit,1
2011,17.9801235,0.180443,Transit,1
2016,3.00387658,1.35,Transit,1
2013,7.008151,0.117,Transit,1
2016,4.30655689,0.235,Transit,1
2014,13.19722,0.362209,Transit,1
2016,13.6473676,0.082,Transit,1
2014,105.356383,0.223927,Transit,1
2016,56.6747285,0.259,Transit,1
2014,127.282184,1.11071,Transit,1
2016,82.294751,0.158,Transit,1
2016,51.07926307,0.254,Transit,1
2016,7.27503724,0.459,Transit,1
2010,5.148921,0.123,Transit,1
2010,3.21346,0.357,Transit,1
2016,20.2641684,0.164,Transit,1
2016,3.98953967,0.11,Transit,1
2016,39.30941904,0.269,Transit,1
2016,1.84788917,0.154,Transit,1
2016,41.805985,0.203,Transit,1
2016,0.91614077,0.058,Transit,1
2016,12.8345022,0.178,Transit,1
2016,26.85328322,0.234,Transit,1
2011,9.4909,0.208761,RV,1
2014,10.381227,0.194487,Transit,1
2016,1.28707676,0.145,Transit,1
2011,5.7293196,0.195205,Transit,1
2014,11.903515,0.228388,Transit,1
2016,41.74600392,0.222,Transit,1
2016,25.69578251,0.227,Transit,1
2014,1.678327,0.127576,Transit,1
2016,1.75583533,0.154,Transit,1
2010,5.33408384,1.45,Transit,1
2016,2.88676265,0.12,Transit,1
2014,27.014976,0.183781,Transit,1
2016,11.47685909,0.137,Transit,1
2010,3.21751883,1.09,Transit,1
2014,62.784697,0.2043,Transit,1
2015,4.8996285,1.462,Transit,1
2014,265.469335,0.370238,Transit,1
2012,9.522,0.254,Transit,1
2014,6.40013,0.178428,Transit,1
2016,14.00640607,0.275,Transit,1
2016,3.93276465,0.134,Transit,1
2014,2.156729,1.02,Transit,1
2016,16.4735686,0.154,Transit,1
2016,13.28535633,0.253,Transit,1
2014,3.57532,1.007,Transit,1
2016,23.5540725,0.152,Transit,1
2016,2.34451194,0.073,Transit,1
2014,7.186434,0.187349,Transit,1
2016,20.54981883,0.343,Transit,1
2014,13.060855,0.121331,Transit,1
2016,1.6829346,0.088,Transit,1
2016,1.25275217,0.147,Transit,1
2014,5.629021,0.0883219,Transit,1
2014,13.193242,0.239986,Transit,1
2014,44.552169,0.196271,Transit,1
2016,40.0686727,0.352,Transit,1
2016,105.3033148,0.291,Transit,1
2016,1.98035766,0.166,Transit,1
2016,0.93488424,0.13,Transit,1
2016,14.36267939,0.269,Transit,1
2016,3.12686223,0.204,Transit,1
2012,2.7817387,1.115,Transit,1
2014,6.097326,0.148987,Transit,1
2013,21.301886,0.066,Transit,1
2016,5.42474928,0.456,Transit,1
2011,27.9481449,0.216597,Transit,1
2016,82.304003,0.19,Transit,1
2016,2.03231845,0.112,Transit,1
2008,164253,1.2,Imaging,1
2016,11.0895723,0.283,Transit,1
2016,0.7698536,0.079,Transit,1
2014,2.971353,0.127576,Transit,1
2014,10.065275,0.15434,Transit,1
2016,34.43587975,0.24,Transit,1
2016,35.61760587,0.47,Transit,1
2016,51.92927591,0.502,Transit,1
2016,14.08827448,0.3,Transit,1
2014,5.535309,0.121331,Transit,1
2016,10.8118737,0.131,Transit,1
2014,56.633742,0.238201,Transit,1
2010,4.871229,0.229,Transit,1
2016,23.12748644,0.127,Transit,1
2016,4.15244722,0.125,Transit,1
2016,9.97683705,0.237,Transit,1
2011,2.785755,0.1459,Transit,1
2014,16.332995,0.110625,Transit,1
2014,3.614568,0.103488,Transit,1
2016,2.41435165,0.087,Transit,1
2014,6.738088,0.0731555,Transit,1
2015,5.20851,0.955,Transit,1
2014,14.844387,0.225711,Transit,1
2016,12.39358604,0.269,Transit,1
2014,67.844469,0.273887,Transit,1
2016,124.4198398,0.467,Transit,1
2014,3.940997,0.138282,Transit,1
2013,2.70339,1.358,Transit,1
2013,85.3128662,0.508958,Transit,1
2016,9.878482,0.23,Transit,1
2016,4.59725385,0.172,Transit,1
2014,5.349555,0.202516,Transit,1
2016,0.65355357,0.515,Transit,1
2016,28.51120525,0.302,Transit,1
2011,31.9996,0.373377,Transit,1
2014,12.51616,0.159693,Transit,1
2016,42.5215895,0.255,Transit,1
2014,4.463129,1.284,Transit,1
2016,7.56052806,0.224,Transit,1
2016,90.4113556,0.304,Transit,1
2014,19.305772,0.25426,Transit,1
2016,5.54608367,0.871,Transit,1
2014,42.8961,0.181997,Transit,1
2016,14.48585199,0.204,Transit,1
2014,9.176092,0.151664,Transit,1
2014,50.790412,1.00812,Transit,1
2016,5.24972541,0.059,Transit,1
2013,242.4613,0.15242,Transit,1
2016,4.88083852,0.12,Transit,1
2016,4.35409304,0.128,Transit,1
2014,63.335879,0.159693,Transit,1
2016,15.77979614,0.204,Transit,1
2016,5.75322197,0.256,Transit,1
2016,364.758031,0.28,Transit,1
2016,21.80451088,0.291,Transit,1
2016,9.06689421,0.145,Transit,1
2016,144.547396,0.226,Transit,1
2014,4.134444,0.240878,Transit,1
2011,10.7421,0.28523,Transit,1
2016,4.16809082,0.14,Transit,1
2016,92.4362973,0.271,Transit,1
2014,16.092361,0.0669105,Transit,1
2016,8.70419416,0.273,Transit,1
2016,3.50470358,0.061,Transit,1
2016,6.10826019,0.112,Transit,1
2014,23.22182,0.180212,Transit,1
2011,1.2137672,0.0695249,Transit,1
2016,21.21708973,0.256,Transit,1
2014,16.257582,0.0972433,Transit,1
2014,5.841648,0.19181,Transit,1
2016,12.25383217,0.09,Transit,1
2016,7.02573474,0.13,Transit,1
2016,5.28789787,0.56,Transit,1
2014,4.612696,0.140066,Transit,1
2016,3.69298373,0.178,Transit,1
2009,2.91625,1.281,Transit,1
2014,4.311792,0.246231,Transit,1
2015,17.8552333,1.43,Transit,1
2010,19.243158,0.842,Transit,1
2016,6.2216147,0.154,Transit,1
2016,0.69384285,0.054,Transit,1
2016,6.1799844,0.212,Transit,1
2016,23.9109011,0.198,Transit,1
2016,18.6051942,0.18,Transit,1
2016,37.6327084,0.219,Transit,1
2016,55.6738309,0.186,Transit,1
2014,87.648901,0.406816,Transit,1
2014,58.034616,0.168615,Transit,1
2014,14.667108,0.157909,Transit,1
2014,49.183921,0.771701,Transit,1
2016,8.36086824,0.289,Transit,1
2016,21.1284569,0.132,Transit,1
2016,7.12811928,0.117,Transit,1
2016,1.68189002,0.087,Transit,1
2016,1.5184299,0.186,Transit,1
2016,62.9228557,0.226,Transit,1
2014,17.265427,0.118655,Transit,1
2016,6.96710269,0.242,Transit,1
2014,3.410493,0.0651262,Transit,1
2014,20.729042,0.180212,Transit,1
2014,17.738506,0.165938,Transit,1
2014,3.341815,0.140958,Transit,1
2016,3.72873109,0.583,Transit,1
2016,134.2527298,0.302,Transit,1
2016,3.81371974,0.138,Transit,1
2016,5.70940492,0.151,Transit,1
2014,3.340222,0.198947,Transit,1
2016,9.705716,0.117,Transit,1
2011,9.67395,0.24177,Transit,1
2014,5.188549,0.11241,Transit,1
2013,11.9016171,0.227293,Transit,1
2016,7.03902374,0.265,Transit,1
2015,2.85057,0.9,Transit,1
2016,5.03251791,0.183,Transit,1
2011,6.790123,1.136,Transit,1
2014,7.21205,0.313141,Transit,1
2016,2.10433812,0.046,Transit,1
2016,8.83922659,0.128,Transit,1
2010,4.03519,0.885,Transit,1
2012,5.452654,1.197,Transit,1
2016,13.72465129,0.185,Transit,1
2010,704.1984,0.379,Transit,1
2016,18.5525701,0.235,Transit,1
2011,20.8613,0.383278,Transit,1
2012,12.513,0.194,Transit,1
2016,7.6847716,0.131,Transit,1
2016,0.81316672,0.106,Transit,1
2014,47.903645,0.250691,Transit,1
2016,1.21699766,0.146,Transit,1
2010,6.803,0.0696,Transit,1
2016,1.13854338,0.099,Transit,1
2014,16.239494,0.363101,Transit,1
2016,10.06082567,0.223,Transit,1
2016,3.65691115,0.132,Transit,1
2014,92.743711,0.16237,Transit,1
2011,2.810595,1.34,Transit,1
2010,110.979,0.156,Transit,1
2016,40.5286413,0.303,Transit,1
2016,3.51749439,0.122,Transit,1
2014,30.133001,0.247123,Transit,1
2014,2.711506,0.330092,Transit,1
2013,13.367308,0.0270078,Transit,1
2014,10.423118,0.0981354,Transit,1
2016,23.6225913,0.068,Transit,1
2016,14.4273551,0.106,Transit,1
2011,3.257215,1.212,Transit,1
2016,5.66067294,0.273,Transit,1
2014,12.247629,0.174859,Transit,1
2016,328.2399546,0.999,Transit,1
2014,32.134328,0.146311,Transit,1
2014,1.0187074,1.3,Transit,1
2014,37.866281,0.12936,Transit,1
2016,10.62784997,0.233,Transit,1
2014,22.407793,0.113201,Transit,1
2014,13.093921,0.206977,Transit,1
2016,33.4177993,0.3,Transit,1
2014,14.172327,0.159693,Transit,1
2016,0.99166527,0.097,Transit,1
2016,20.5533844,0.335,Transit,1
2013,5.01718,1.37,Transit,1
2016,6.8834055,0.244,Transit,1
2016,3.38555488,0.136,Transit,1
2016,13.89961966,0.223,Transit,1
2016,138.9442,0.227,Transit,1
2016,19.32952416,0.221,Transit,1
2014,9.767292,0.182889,Transit,1
2016,3.21982106,0.156,Transit,1
2016,0.76212926,0.071,Transit,1
2014,5.47666,0.164154,Transit,1
2016,0.58800076,0.095,Transit,1
2014,30.160546,0.363101,Transit,1
2016,55.63934,0.269,Transit,1
2016,8.23984869,0.154,Transit,1
2016,0.67564949,0.147,Transit,1
2014,5.687945,0.183781,Transit,1
2016,15.1410397,0.175,Transit,1
2016,8.82713457,0.175,Transit,1
2016,43.3167737,0.235,Transit,1
2016,9.69312032,0.237,Transit,1
2014,7.972513,0.322955,Transit,1
2010,66.65062,0.19092,Transit,1
2014,29.022358,0.222143,Transit,1
2016,3.97599768,0.1,Transit,1
2016,9.7678805,0.184,Transit,1
2011,10.854092,0.273643,Transit,1
2016,226.89047,0.433,Transit,1
2012,49.514,0.265621,Transit,1
2016,8.22241966,0.229,Transit,1
2014,3.621457,0.0838612,Transit,1
2016,1.26909037,0.157,Transit,1
2014,4.028751,0.108841,Transit,1
2014,8.187399,0.17932,Transit,1
2014,9.946047,0.26675,Transit,1
2016,9.42887179,0.274,Transit,1
2016,12.00096042,0.168,Transit,1
2013,267.291,0.12568,Transit,1
2016,7.97034958,0.191,Transit,1
2014,4.763387,0.912,Transit,1
2013,8.9193459,0.220162,Transit,1
2016,1.22621732,0.078,Transit,1
2016,5.83598311,0.175,Transit,1
2014,34.989262,0.117763,Transit,1
2016,225.582809,0.269,Transit,1
2010,8.703,0.0609,Transit,1
2016,7.63846023,0.101,Transit,1
2014,60.418955,0.24177,Transit,1
2016,9.08237046,0.125,Transit,1
2016,1.76678906,0.154,Transit,1
2014,13.969457,0.15434,Transit,1
2011,5.005425,1.07,Transit,1
2016,25.9422033,0.172,Transit,1
2004,1.4324757,1.093,Transit,1
2014,13.121632,0.161477,Transit,1
2011,1.855558,0.841,Transit,1
2016,13.71933369,0.213,Transit,1
2016,3.77360059,0.136,Transit,1
2016,14.55731705,0.364,Transit,1
2014,11.476094,0.17932,Transit,1
2016,18.01621096,0.22,Transit,1
2016,2.6157554,0.107,Transit,1
2016,5.85296257,0.359,Transit,1
2016,7.42693741,0.136,Transit,1
2016,394.6244904,0.637,Transit,1
2010,35.23319,0.0999205,Transit,1
2016,0.84338011,0.123,Transit,1
2016,13.1829642,0.162,Transit,1
2016,0.68368426,0.126,Transit,1
2016,3.63899398,0.126,Transit,1
2016,10.60052251,0.086,Transit,1
2016,96.9151496,0.203,Transit,1
2016,17.20523483,0.23,Transit,1
2016,4.34195123,0.085,Transit,1
2016,18.87064068,0.233,Transit,1
2016,8.6893073,0.26,Transit,1
2016,6.41251504,0.325,Transit,1
2012,8.306,0.176,Transit,1
2016,7.71468975,0.237,Transit,1
2016,3.35183158,0.172,Transit,1
2016,9.37891944,0.213,Transit,1
2014,32.273273,0.22928,Transit,1
2014,23.637604,0.277456,Transit,1
2014,2.940309,0.209653,Transit,1
2014,14.788759,0.265858,Transit,1
2010,11.922,0.101,Transit,1
2016,2.97041437,0.17,Transit,1
2016,1.5690665,0.141,Transit,1
2014,3.289672,0.147203,Transit,1
2016,12.94130146,0.191,Transit,1
2014,4.60182,0.208761,Transit,1
2014,12.79836,0.175752,Transit,1
2014,8.586004,0.165046,Transit,1
2016,7.61760804,0.102,Transit,1
2016,48.051405,0.119,Transit,1
2014,47.318218,0.19181,Transit,1
2014,6.885875,0.236417,Transit,1
2016,24.1738579,0.219,Transit,1
2015,2.465295,1.412,Transit,1
2016,18.68404933,0.235,Transit,1
2014,8.408878,0.210545,Transit,1
2016,42.3514267,0.373,Transit,1
2016,7.40742793,0.225,Transit,1
2014,52.661793,0.199839,Transit,1
2014,7.410935,0.089214,Transit,1
2016,16.87727414,0.227,Transit,1
2014,36.065978,0.22928,Transit,1
2016,11.72012266,0.856,Transit,1
2013,1.3600309,1.21,Transit,1
2014,10.945723,0.243554,Transit,1
2014,34.763278,0.168615,Transit,1
2016,4.45419434,1.07,Transit,1
2004,0.736546,0.185565,RV,1
2016,5.72717226,0.117,Transit,1
2011,1.76358799,1.406,Transit,1
2016,7.23400469,0.178,Transit,1
2016,6.42200058,0.156,Transit,1
2016,15.3787546,0.143,Transit,1
2016,29.9633247,0.175,Transit,1
2016,0.67933627,0.128,Transit,1
2014,96.678988,0.352395,Transit,1
2016,2.00541269,0.057,Transit,1
2016,198.680179,0.201,Transit,1
2014,1.772419,0.115086,Transit,1
2014,5.03503,0.125792,Transit,1
2016,3.74032496,0.136,Transit,1
2014,5.195528,0.105273,Transit,1
2014,19.738286,0.127576,Transit,1
2016,25.4338197,0.165,Transit,1
2010,8.158715,1.038,Transit,1
2014,62.303276,0.263181,Transit,1
2014,12.758005,0.127576,Transit,1
2016,20.310501,0.232,Transit,1
2014,20.053763,0.186457,Transit,1
2014,14.435889,0.1249,Transit,1
2011,15.3348,0.356538,Transit,1
2014,2.453234,0.262289,Transit,1
2011,6.87349,1.17,Transit,1
2014,11.463462,0.228388,Transit,1
2014,22.92881,0.172183,Transit,1
2014,17.28111,0.164154,Transit,1
2016,175.138819,0.252,Transit,1
2016,29.91136794,0.292,Transit,1
2016,12.49341307,0.189,Transit,1
2016,4.59489604,0.134,Transit,1
2014,8.129976,0.157017,Transit,1
2016,104.3518976,0.119,Transit,1
2016,8.39846269,0.227,Transit,1
2015,3.3564227,1.04,Transit,1
2012,3.54387,1.571,Transit,1
2010,2.7566,1.32,Transit,1
2016,17.44490636,0.219,Transit,1
2013,2.9036747,1.5,Transit,1
2014,19.747412,0.281024,Transit,1
2003,1.211909,1.363,Transit,1
2016,3.70987065,0.368,Transit,1
2016,4.48758907,0.112,Transit,1
2014,7.824904,0.114194,Transit,1
2016,8.18504949,0.113,Transit,1
2014,76.732171,0.27924,Transit,1
2016,186.404271,0.141,Transit,1
2016,10.3507721,0.179,Transit,1
2014,30.092568,0.150772,Transit,1
2014,4.973456,0.205192,Transit,1
2014,14.613612,0.118655,Transit,1
2014,16.399235,0.177536,Transit,1
2016,24.7543966,0.161,Transit,1
2010,64.00205,0.243556,Transit,1
2016,4.56380468,0.11,Transit,1
2016,174.509835,0.283,Transit,1
2013,2.705785,1.67,Transit,1
2016,16.10467749,0.189,Transit,1
2016,28.59915399,0.175,Transit,1
2016,7.76846622,0.165,Transit,1
2016,13.47469571,0.208,Transit,1
2016,2.61703254,0.145,Transit,1
2016,3.57320367,0.539,Transit,1
2016,4.7683049,0.164,Transit,1
2016,20.9568158,0.255,Transit,1
2014,5.885273,0.118655,Transit,1
2016,68.8861915,0.119,Transit,1
2014,11.131786,0.107057,Transit,1
2014,29.221289,0.157909,Transit,1
2014,37.054919,0.272995,Transit,1
2016,2.85313364,0.112,Transit,1
2016,1.45088691,0.093,Transit,1
2013,23.342989,1.027,Transit,1
2014,6.791636,0.0918904,Transit,1
2016,2.14463285,1.492,Transit,1
2009,3.92289,1.4,Transit,1
2014,17.833648,0.258635,Transit,1
2011,31.7844,0.358929,Transit,1
2016,160.129918,0.426,Transit,1
2016,25.0824626,0.174,Transit,1
2016,66.4162133,0.349,Transit,1
2016,3.0255955,0.132,Transit,1
2014,17.406669,0.271211,Transit,1
2014,17.784129,0.146311,Transit,1
2016,39.8189932,0.166,Transit,1
2011,9.2869944,0.197074,Transit,1
2014,8.457458,0.0909983,Transit,1
2014,13.699087,0.322063,Transit,1
2016,3.70175428,0.134,Transit,1
2014,3.071571,0.133821,Transit,1
2014,12.699149,0.199839,Transit,1
2014,2.248329,0.135605,Transit,1
2016,54.4092333,0.15,Transit,1
2016,7.25931979,0.156,Transit,1
2016,34.1731714,0.185,Transit,1
2014,10.222157,0.14185,Transit,1
2014,11.5231,0.305112,Transit,1
2016,33.42035034,0.194,Transit,1
2014,4.807091,0.17932,Transit,1
2013,91.93913,0.237,Transit,1
2016,6.88337562,0.188,Transit,1
2014,15.368459,0.140066,Transit,1
2016,10.11716531,0.317,Transit,1
2016,13.62798432,0.202,Transit,1
2013,4.3050011,0.86,Transit,1
2016,3.02166863,0.158,Transit,1
2016,42.3004954,0.251,Transit,1
2014,4.60358,0.132037,Transit,1
2016,3.93766373,0.124,Transit,1
2016,18.82747265,0.251,Transit,1
2014,5.774464,0.0660184,Transit,1
2016,3.77059058,0.177,Transit,1
2016,4.22162536,0.235,Transit,1
2016,47.0319479,0.168,Transit,1
2014,6.941357,0.234633,Transit,1
2016,210.630591,0.321,Transit,1
2014,18.870227,0.260505,Transit,1
2016,6.6513802,0.237,Transit,1
2016,23.198681,0.177,Transit,1
2016,125.63243,0.747,Transit,1
2016,0.92103214,0.099,Transit,1
2014,13.233549,0.273887,Transit,1
2015,3.799847,0.944,Transit,1
2016,0.92785982,0.182,Transit,1
2016,2.93658468,0.128,Transit,1
2014,46.90232,0.225711,Transit,1
2016,7.65880414,0.213,Transit,1
2016,14.16399294,0.222,Transit,1
2014,21.526258,0.10438,Transit,1
2010,10.863502,1.072,Transit,1
2014,18.998355,0.248015,Transit,1
2000,3.52474859,1.359,RV,1
2016,3.16635371,0.319,Transit,1
2015,44.5631,0.139,Transit,1
2016,5.8706191,0.133,Transit,1
2016,5.94220998,0.11,Transit,1
2012,51.538,0.477,Transit,1
2016,2.88890485,0.149,Transit,1
2016,27.4785572,0.107,Transit,1
2012,3.8559,1.24,Transit,1
2011,10.2184954,0.247794,Transit,1
2016,24.31575992,0.295,Transit,1
2016,1.59474546,1.084,Transit,1
2016,15.3587684,1.019,Transit,1
2016,5.90741354,0.491,Transit,1
2016,2.16845259,0.252,Transit,1
2014,20.09838,0.148095,Transit,1
2014,4.920199,0.095459,Transit,1
2016,1.55400393,0.154,Transit,1
2016,44.6169557,0.211,Transit,1
2016,33.8786838,0.255,Transit,1
2016,3.29030452,0.509,Transit,1
2016,161.5163345,0.262,Transit,1
2016,21.67697486,0.194,Transit,1
2014,6.738975,0.107057,Transit,1
2011,3.7681,1.02,Transit,1
2010,6.189392,0.0483,Transit,1
2016,110.96546,0.243,Transit,1
2016,13.7521072,0.251,Transit,1
2010,7.743493,0.0498,Transit,1
2016,16.8320729,0.156,Transit,1
2016,23.44971004,0.236,Transit,1
2016,52.75875577,0.793,Transit,1
2016,14.80074836,0.391,Transit,1
2016,31.0033814,0.235,Transit,1
2016,7.56127224,0.127,Transit,1
2011,3.405909,1.537,Transit,1
2016,64.6588017,0.198,Transit,1
2016,38.6715075,0.244,Transit,1
2016,11.25402929,0.192,Transit,1
2014,10.3117,0.105263,Transit,1
2014,28.986769,0.218574,Transit,1
2013,3.585722,1.41,Transit,1
2016,3.78470649,0.071,Transit,1
2014,67.093408,0.289946,Transit,1
2014,21.963945,0.232849,Transit,1
2014,6.178196,0.107949,Transit,1
2014,17.648312,0.194487,Transit,1
2014,5.839172,0.221251,Transit,1
2014,4.938864,0.125792,Transit,1
2016,82.5342519,0.227,Transit,1
2014,5.028219,0.11687,Transit,1
2016,22.18432708,0.276,Transit,1
2016,8.3265153,0.171,Transit,1
2014,31.200751,0.110625,Transit,1
2016,509.997402,0.195,Transit,1
2014,12.645164,0.108841,Transit,1
2014,39.595519,0.168615,Transit,1
2016,1.49914695,0.107,Transit,1
2014,20.342199,0.207869,Transit,1
2016,3.60930891,0.333,Transit,1
2012,1.5373653,1.269,Transit,1
2016,7.06317341,0.1,Transit,1
2014,4.822962,0.208761,Transit,1
2014,25.934138,0.227496,Transit,1
2016,12.92491623,0.229,Transit,1
2010,35.968,0.296,Transit,1
2014,14.400974,0.225711,Transit,1
2014,55.328328,0.143635,Transit,1
2016,3.4462039,0.065,Transit,1
2016,2.94902905,0.123,Transit,1
2016,2.94654179,0.095,Transit,1
2008,3.852985,1.33,Transit,1
2012,131.458,0.728,Transit,1
2016,6.28385491,0.071,Transit,1
2014,22.250949,0.219467,Transit,1
2014,82.20017,0.227496,Transit,1
2014,11.419412,0.0901062,Transit,1
2016,12.3764661,0.244,Transit,1
2016,7.19303878,0.159,Transit,1
2014,4.138575,0.11241,Transit,1
2014,8.20395,0.232849,Transit,1
2014,10.312364,0.047,Transit,1
2014,3.244107,0.134713,Transit,1
2016,2.4370333,0.147,Transit,1
2016,71.52530845,0.499,Transit,1
2011,1.420033,1.164,Transit,1
2016,11.13125132,0.188,Transit,1
2016,13.02365861,0.211,Transit,1
2016,4.13592271,0.139,Transit,1
2014,2.092281,0.134713,Transit,1
2016,13.15141081,0.17,Transit,1
2014,10.04156,0.243554,Transit,1
2014,44.431014,0.267642,Transit,1
2016,2.55314213,0.117,Transit,1
2016,4.90332155,0.211,Transit,1
2011,2.896,0.133702,Transit,1
2014,31.158799,0.330984,Transit,1
2011,46.6888,0.221888,Transit,1
2016,1.64680191,0.078,Transit,1
2014,12.759712,0.231956,Transit,1
2013,56.73667,0.256,Transit,1
2016,8.09888799,0.863,Transit,1
2016,31.0571618,0.191,Transit,1
2010,112.3053,0.119548,Transit,1
2016,2.83265213,0.118,Transit,1
2016,8.67900242,0.162,Transit,1
2014,4.790936,0.118655,Transit,1
2014,3.715335,0.131145,Transit,1
2016,1.57409027,0.082,Transit,1
2016,4.22538451,0.796,Transit,1
2014,4.385315,0.101704,Transit,1
2014,7.156804,0.203408,Transit,1
2016,84.6879808,0.336,Transit,1
2016,11.02347475,0.202,Transit,1
2016,3.73089898,0.128,Transit,1
2014,5.923653,0.139174,Transit,1
2016,41.6977827,0.227,Transit,1
2016,2.3522658,0.11,Transit,1
2016,59.6225257,0.298,Transit,1
2016,19.79191978,0.203,Transit,1
2016,4.79028459,0.099,Transit,1
2016,4.79859939,0.236,Transit,1
2016,2.05387982,0.231,Transit,1
2016,10.56134221,0.129,Transit,1
2016,1.34155513,0.063,Transit,1
2016,6.49801525,0.134,Transit,1
2014,24.570858,0.178428,Transit,1
2016,9.94067247,0.263,Transit,1
2014,9.600001,0.187349,Transit,1
2016,13.3997099,0.144,Transit,1
2016,82.177374,0.261,Transit,1
2016,23.58914398,0.304,Transit,1
2014,6.88705,0.117763,Transit,1
2014,10.664903,0.181997,Transit,1
2016,8.70181574,0.144,Transit,1
2016,15.74957994,0.244,Transit,1
2016,40.0587473,0.316,Transit,1
2016,3.6146051,0.074,Transit,1
2016,5.83376092,0.214,Transit,1
2011,4.4379637,1.695,Transit,1
2014,41.194912,0.343474,Transit,1
2016,86.1150888,0.252,Transit,1
2016,163.692349,0.241,Transit,1
2013,8.719375,0.106,Transit,1
2012,1.327347,1.264,Transit,1
2011,3.161575,1.32,Transit,1
2014,9.75598,0.445,Transit,1
2016,217.8317626,1.055,Transit,1
2014,6.414914,0.114194,Transit,1
2012,3.352059,1.49,Transit,1
2014,1.653888,0.0901062,Transit,1
2008,82145,1.2,Imaging,1
2016,4.40840023,0.216,Transit,1
2011,45.1555023,0.628398,Transit,1
2014,6.668391,0.109733,Transit,1
2006,3.941534,1.206,Transit,1
2013,9.4341505,0.545,Transit,1
2016,23.955378,0.095,Transit,1
2011,21.77596,0.477,Transit,1
2014,44.851896,0.290838,Transit,1
2016,9.91935684,0.134,Transit,1
2014,7.49019,0.22928,Transit,1
2016,3.24755522,0.126,Transit,1
2016,7.96431535,0.197,Transit,1
2014,12.8159,0.196271,Transit,1
2014,41.885775,0.268534,Transit,1
2014,5.902206,0.220359,Transit,1
2011,77.61184,0.24512,Transit,1
2014,5.374943,0.198947,Transit,1
2016,0.93875077,0.141,Transit,1
2014,46.183669,0.198055,Transit,1
2014,54.418694,0.271211,Transit,1
2014,8.348125,0.111518,Transit,1
2016,17.2923453,0.129,Transit,1
2016,4.36128348,0.117,Transit,1
2014,5.826662,0.345258,Transit,1
2014,81.065298,0.318,Transit,1
2014,12.718092,0.207869,Transit,1
2016,2.41660118,0.081,Transit,1
2016,17.31716585,0.277,Transit,1
2016,51.16579,0.129,Transit,1
2016,4.24374723,0.325,Transit,1
2016,17.97979059,0.259,Transit,1
2014,7.630004,0.113302,Transit,1
2014,22.597053,0.0999197,Transit,1
2016,3.05710069,0.137,Transit,1
2014,50.697494,0.245339,Transit,1
2016,187.747029,0.291,Transit,1
2014,72.379334,0.34615,Transit,1
2014,27.4536,0.0785013,Transit,1
2014,25.5169,0.0749398,Transit,1
2011,7.340718,1.32,Transit,1
2012,4.465633,1.3,Transit,1
2016,16.54080322,0.138,Transit,1
2014,2.139542,0.12936,Transit,1
2015,2.7908327,1.466,Transit,1
2016,40.8365012,0.143,Transit,1
2016,17.14647302,0.178,Transit,1
2014,12.762172,0.226604,Transit,1
2016,6.01038429,0.357,Transit,1
2016,5.44832529,0.187,Transit,1
2016,1.21956827,0.143,Transit,1
2004,4.0144479,1.051,Transit,1
2016,3.76182115,0.233,Transit,1
2016,1.09366356,0.12,Transit,1
2016,16.2254649,0.104,Transit,1
2016,27.6655226,0.217,Transit,1
2016,105.6551369,0.328,Transit,1
2014,1.6329,0.10438,Transit,1
2008,1.846834,1.29,Transit,1
2014,14.627119,0.200732,Transit,1
2016,198.7112502,0.326,Transit,1
2014,20.684342,0.306004,Transit,1
2016,1.95452434,0.194,Transit,1
2016,28.474748,0.23,Transit,1
2011,1.4822446,1.209,Transit,1
2016,16.29595382,0.17,Transit,1
2016,9.5085156,0.136,Transit,1
2016,56.1886887,0.186,Transit,1
2016,3.27582262,0.187,Transit,1
2014,18.596108,0.139174,Transit,1
2014,26.67569,0.127576,Transit,1
2016,10.12804789,0.181,Transit,1
2016,3.23941344,0.09,Transit,1
2014,34.035257,0.276563,Transit,1
2014,20.485435,0.315818,Transit,1
2016,11.3910025,0.16,Transit,1
2016,33.3855938,0.229,Transit,1
2016,10.67607169,0.146,Transit,1
2014,8.594805,0.190026,Transit,1
2016,122.8808058,0.269,Transit,1
2016,76.5369586,0.244,Transit,1
2014,21.587475,0.196271,Transit,1
2016,24.0862707,0.247,Transit,1
2016,1.53818844,0.106,Transit,1
2016,16.1779561,0.159,Transit,1
2016,7.42608998,0.261,Transit,1
2016,5.19104016,0.259,Transit,1
2016,5.13248562,0.163,Transit,1
2016,5.63252845,0.194,Transit,1
2016,44.9309804,0.227,Transit,1
2016,76.613377,0.265,Transit,1
2016,1.64422461,0.079,Transit,1
2016,2.16457097,0.128,Transit,1
2011,3.504725,0.17843,Transit,1
2016,124.828679,0.236,Transit,1
2008,41054,1.37,Imaging,1
2011,1.212884,1.368,Transit,1
2016,11.20066445,0.15,Transit,1
2016,27.52197994,0.232,Transit,1
2014,13.297004,0.0767241,Transit,1
2016,3.14866453,0.197,Transit,1
2014,11.187161,0.133821,Transit,1
2016,29.6193421,0.15,Transit,1
2016,17.42395198,0.275,Transit,1
2016,41.7083629,0.284,Transit,1
2016,70.6979061,0.157,Transit,1
2016,3.22296927,0.158,Transit,1
2014,4.144495,0.122223,Transit,1
2011,17.25204,0.320884,Transit,1
2014,27.082511,0.300651,Transit,1
2016,21.8635301,0.25,Transit,1
2016,15.64591713,0.204,Transit,1
2016,25.30889748,0.146,Transit,1
2015,15.5012,0.17129,Transit,1
2016,1.43474156,0.13,Transit,1
2014,7.781987,0.107057,Transit,1
2011,289.8623,0.2125,Transit,1
2016,81.3151059,0.22,Transit,1
2016,25.873148,0.24,Transit,1
2013,9.605085,0.0849452,Transit,1
2016,56.4349938,0.211,Transit,1
2014,10.446347,0.148987,Transit,1
2016,67.668827,0.332,Transit,1
2014,31.719775,0.197163,Transit,1
2011,1.865169,0.0508067,Transit,1
2014,49.499875,0.306004,Transit,1
2016,10.00652995,0.335,Transit,1
2014,5.317429,0.178428,Transit,1
2014,2.732756,0.100812,Transit,1
2014,24.664551,0.441609,Transit,1
2014,15.170318,0.200732,Transit,1
2016,3.1739171,0.281,Transit,1
2016,4.51005748,0.13,Transit,1
2014,2.422082,0.321171,Transit,1
2013,1.5732918,1.271,Transit,1
2014,2.019999,0.139174,Transit,1
2011,21.4050484,0.699706,Transit,1
2016,13.0313945,0.269,Transit,1
2016,3.17060005,0.152,Transit,1
2014,4.715106,0.125792,Transit,1
2016,110.2869374,0.105,Transit,1
2014,19.721734,0.214114,Transit,1
2015,2.13775,1.56,Transit,1
2014,5.084298,1.24,Transit,1
2014,20.837846,0.107949,Transit,1
2014,54.280749,0.156125,Transit,1
2014,15.677563,0.108841,Transit,1
2016,4.09513932,0.12,Transit,1
2016,16.54964934,0.203,Transit,1
2016,10.35533177,0.253,Transit,1
2016,22.2419092,0.122,Transit,1
2016,19.9157725,0.131,Transit,1
2014,7.05677,0.135605,Transit,1
2014,27.666313,0.165046,Transit,1
2016,448.303558,0.22,Transit,1
2010,8.15275,0.114,Transit,1
2016,21.05358596,0.236,Transit,1
2014,59.980627,0.19181,Transit,1
2014,38.285489,0.16683,Transit,1
2016,1.52372816,0.127,Transit,1
2016,3.484552,0.306,Transit,1
2016,40.1099547,0.227,Transit,1
2012,3.6313,1.05,Transit,1
2016,13.5396293,0.209,Transit,1
2014,11.837549,0.0794005,Transit,1
2016,1.92279873,0.117,Transit,1
2016,6.77030201,0.3,Transit,1
2014,20.995694,0.136497,Transit,1
2016,1.5432066,0.1,Transit,1
2016,36.4333452,0.193,Transit,1
2011,4.055259,1.27,Transit,1
2014,16.1457,0.198037,Transit,1
2016,25.15864,0.166,Transit,1
2014,4.585512,0.263181,Transit,1
2016,0.74092842,0.112,Transit,1
2016,117.040498,0.261,Transit,1
2016,43.0342272,0.189,Transit,1
2014,10.043686,0.243554,Transit,1
2014,1.897806,0.0918904,Transit,1
2014,34.142347,0.156125,Transit,1
2014,5.714606,0.138282,Transit,1
2016,16.08066115,0.397,Transit,1
2014,5.599308,0.0909983,Transit,1
2014,11.637071,0.202516,Transit,1
2016,9.93143556,0.193,Transit,1
2016,60.92832271,0.238,Transit,1
2014,4.431222,0.274779,Transit,1
2014,9.387427,0.107057,Transit,1
2013,3.0678504,0.952,Transit,1
2016,1.29123275,0.103,Transit,1
2014,18.207973,0.248907,Transit,1
2016,3.17926292,0.108,Transit,1
2016,60.0855082,0.211,Transit,1
2010,3.52254,1.419,Transit,1
2016,16.57110363,0.213,Transit,1
2014,20.678772,0.211437,Transit,1
2016,15.87364565,0.178,Transit,1
2016,51.1309704,0.211,Transit,1
2014,8.410894,0.123115,Transit,1
2014,33.040532,0.201624,Transit,1
2016,14.37457351,0.173,Transit,1
2016,3.70428172,0.12,Transit,1
2016,6.73972381,0.111,Transit,1
2016,49.6221509,0.267,Transit,1
2016,15.9314739,0.179,Transit,1
2016,11.51516988,0.263,Transit,1
2014,8.103636,0.185565,Transit,1
2010,4.627669,1.15,Transit,1
2016,7.03932553,0.415,Transit,1
2014,8.77501,0.153448,Transit,1
2016,5.49548621,0.084,Transit,1
2014,13.751243,0.156125,Transit,1
2016,2.94194094,0.112,Transit,1
2014,4.180043,0.321171,Transit,1
2014,2.576549,0.142742,Transit,1
2016,8.35390639,0.241,Transit,1
2016,18.93054959,0.192,Transit,1
2016,6.40087618,0.116,Transit,1
2016,374.876239,0.285,Transit,1
2014,3.250619,0.100812,Transit,1
2012,4.086052,1.39,Transit,1
2016,0.96897238,0.098,Transit,1
2014,7.061149,0.101704,Transit,1
2016,6.98152703,0.127,Transit,1
2016,3.29011795,0.167,Transit,1
2014,4.425391,0.130252,Transit,1
2011,10.5034294,0.342276,Transit,1
2014,2.090876,0.15434,Transit,1
2014,24.674612,0.186457,Transit,1
2016,7.31946363,0.19,Transit,1
2014,3.428054,0.111518,Transit,1
2016,0.67737516,0.079,Transit,1
2014,5.795278,0.0794005,Transit,1
2016,8.03755877,0.119,Transit,1
2016,11.32271513,0.121,Transit,1
2016,6.11009134,0.084,Transit,1
2016,4.42157218,0.179,Transit,1
2014,4.72674,0.134,Transit,1
2014,36.337373,0.473726,Transit,1
2014,3.9501907,1.72,Transit,1
2014,8.295611,0.140066,Transit,1
2008,1.6284229,1.14,Transit,1
2013,0.35500744,0.103396,Transit,1
2014,10.198545,0.14185,Transit,1
2014,5.960392,0.258721,Transit,1
2008,1.7429935,1.466,Transit,1
2010,7.79430132,1.65,Transit,1
2014,10.640263,0.238201,Transit,1
2014,6.581484,0.482648,Transit,1
2016,38.58422849,0.616,Transit,1
2016,47.3126192,0.184,Transit,1
2016,9.803224,0.248,Transit,1
2016,114.34219,0.198,Transit,1
2014,34.543901,0.21679,Transit,1
2016,70.9674603,0.316,Transit,1
2014,23.851549,0.273887,Transit,1
2016,5.19492202,0.191,Transit,1
2016,88.40655258,0.376,Transit,1
2016,14.53261362,0.163,Transit,1
2014,11.242861,0.130252,Transit,1
2011,2.875317,0.867,Transit,1
2016,13.32388301,0.18,Transit,1
2010,178.1396,0.199841,Transit,1
2016,46.8779367,0.212,Transit,1
2016,2.78786839,0.091,Transit,1
2009,4.0378962,1.388,Transit,1
2016,53.5991044,0.239,Transit,1
2012,4.1591409,1.15,Transit,1
2014,52.814973,0.214114,Transit,1
2016,0.53991524,0.07,Transit,1
2011,13.83989,0.132454,Transit,1
2014,4.921355,0.189134,Transit,1
2016,49.7701438,0.529,Transit,1
2016,19.17891293,0.239,Transit,1
2012,3.646706,1.332,Transit,1
2016,14.00947528,0.092,Transit,1
2016,29.90722674,0.202,Transit,1
2016,3.75574426,0.15,Transit,1
2014,10.281951,0.236417,Transit,1
2016,12.06222443,0.145,Transit,1
2010,3.54846,1.431,Transit,1
2014,7.06424,0.182889,Transit,1
2016,2.33743801,0.218,Transit,1
2016,20.4966197,0.189,Transit,1
2014,8.457496,0.16237,Transit,1
2011,8.98597,0.303057,Transit,1
2016,23.67517607,0.259,Transit,1
2015,1.9153073,1.065,Transit,1
2016,158.6853308,0.286,Transit,1
2014,3.177422,0.208761,Transit,1
2016,20.0711504,0.201,Transit,1
2016,10.50682565,0.914,Transit,1
2016,1.07839035,0.126,Transit,1
2016,3.5827463,0.16,Transit,1
2016,2.62811375,0.205,Transit,1
2011,1.720861232,1.325,Transit,1
2014,16.665863,0.255152,Transit,1
2014,5.766193,0.208761,Transit,1
2009,1.09142245,1.79,Transit,1
2014,1.729366,0.160585,Transit,1
2014,2.633867,0.119547,Transit,1
2014,12.551158,0.117763,Transit,1
2016,19.55659418,0.22,Transit,1
2014,19.02293,0.170399,Transit,1
2016,3.7705521,1.131,Transit,1
2014,224.784608,0.651262,Transit,1
2014,28.464515,0.202516,Transit,1
2016,17.6700642,0.164,Transit,1
2016,28.26731672,0.241,Transit,1
2016,66.1849031,0.199,Transit,1
2013,3.547851,1.381,Transit,1
2014,3.487691,0.523686,Transit,1
2016,1.8270823,0.277,Transit,1
2016,3.68992629,0.216,Transit,1
2014,10.327186,0.0785083,Transit,1
2014,2.508553,0.120439,Transit,1
2016,108.593329,0.154,Transit,1
2016,5.10137945,0.289,Transit,1
2014,7.031462,0.111518,Transit,1
2016,11.59822172,0.271,Transit,1
2016,66.373379,0.17,Transit,1
2014,14.751166,0.153448,Transit,1
2014,12.309681,0.322955,Transit,1
2016,12.4127754,0.133,Transit,1
2016,7.83442788,0.292,Transit,1
2014,5.868075,0.295298,Transit,1
2016,4.28686431,0.426,Transit,1
2014,74.920137,0.58346,Transit,1
2016,16.79713874,0.208,Transit,1
2014,7.415563,0.0660184,Transit,1
2016,13.2274528,0.15,Transit,1
2014,7.010606,0.125792,Transit,1
2016,1.63865306,0.112,Transit,1
2016,9.54927542,0.142,Transit,1
2014,28.122397,0.0874297,Transit,1
2008,1.3382299,1.341,Transit,1
2014,3.107675,0.0615577,Transit,1
2016,19.672266,0.277,Transit,1
2016,36.5156053,0.197,Transit,1
2016,3.12082923,1.409,Transit,1
2016,4.41769648,0.112,Transit,1
2016,14.5596237,0.179,Transit,1
2016,1.88897906,0.086,Transit,1
2014,10.681572,0.209653,Transit,1
2015,3.312846,0.969,Transit,1
2014,10.399931,0.107949,Transit,1
2016,8.114379,0.186,Transit,1
2014,6.029809,0.118655,Transit,1
2016,0.90037648,0.07,Transit,1
2016,1.4444538,0.105,Transit,1
2016,4.08899022,0.145,Transit,1
2016,5.21104261,0.095,Transit,1
2015,1.4013794,1.3,Transit,1
2012,12.04,0.211,Transit,1
2014,15.906801,0.227496,Transit,1
2014,48.630408,0.235525,Transit,1
2016,24.54350418,0.314,Transit,1
2016,11.1726994,0.111,Transit,1
2016,58.6017925,0.185,Transit,1
2016,18.82634264,0.211,Transit,1
2014,16.088134,0.301543,Transit,1
2016,56.35418576,0.211,Transit,1
2016,85.273256,0.262,Transit,1
2014,151.884058,0.25426,Transit,1
2014,7.466623,0.124008,Transit,1
2016,105.144749,0.252,Transit,1
2016,6.89225223,0.142,Transit,1
2014,11.634788,0.13739,Transit,1
2016,40.6069821,0.235,Transit,1
2016,15.37563332,0.908,Transit,1
2016,51.3285623,0.237,Transit,1
2016,15.9870174,0.16,Transit,1
2016,4.18200253,0.222,Transit,1
2010,86.647661,0.94,Transit,1
2015,2.766741,1.039,Transit,1
2011,8.884924,1.03,Transit,1
2014,4.580358,0.1249,Transit,1
2016,1.90220856,0.383,Transit,1
2016,115.6862258,0.285,Transit,1
2014,7.113702,0.134713,Transit,1
2016,2.13194651,0.138,Transit,1
2016,3.58410122,0.408,Transit,1
2013,27.402,0.339,Timing,1
2014,16.514043,0.247123,Transit,1
2011,4.942782,0.96,Transit,1
2016,8.50699658,0.15,Transit,1
2016,2.21571036,0.148,Transit,1
2014,30.184104,0.362209,Transit,1
2016,13.2140732,0.258,Transit,1
2014,5.524242,0.186457,Transit,1
2014,88.255055,0.213222,Transit,1
2014,8.96855,0.215006,Transit,1
2016,10.71252541,0.19,Transit,1
2012,5.35227,1.17,Transit,1
2016,15.86621821,0.107,Transit,1
2016,2.03387914,0.068,Transit,1
2011,11.8681707,0.100246,Transit,1
2014,1.54168,0.177536,Transit,1
2014,9.926746,0.244446,Transit,1
2016,0.66308526,0.128,Transit,1
2014,16.282493,0.165046,Transit,1
2016,18.3027248,0.131,Transit,1
2014,6.988055,0.102596,Transit,1
2013,7.919585,0.775,Transit,1
2013,3.6936411,1.653,Transit,1
2016,3.95116882,0.068,Transit,1
2009,3.076337,1.5,Transit,1
2010,1.565409,0.137,Transit,1
2016,308.5471,0.309,Transit,1
2009,3.7521,1.379,Transit,1
2010,3.79701816,0.978,Transit,1
2016,161.5280101,0.592,Transit,1
2010,2.984151,0.144,Transit,1
2008,4.1250828,1.33,Transit,1
2011,2.143634,1.67,Transit,1
2016,18.42794624,0.192,Transit,1
2013,3.743208,0.1558,Transit,1
2010,2.718661,1.1,Transit,1
2014,6.846262,0.165938,Transit,1
2008,3.67724,1.36,Transit,1
2014,4.544439,0.259613,Transit,1
2011,118.3807,0.296741,Transit,1
2014,1.620493,0.14185,Transit,1
2016,11.17394617,0.215,Transit,1
2016,1.68269615,0.118,Transit,1
2016,2.71407755,0.104,Transit,1
2016,24.66919569,1.288,Transit,1
2016,6.10960324,0.079,Transit,1
2016,3.40165668,0.141,Transit,1
2014,8.127899,0.150772,Transit,1
2014,4.148141,0.100812,Transit,1
2016,1.00393374,0.153,Transit,1
2016,14.07971466,0.133,Transit,1
2014,13.767102,0.196271,Transit,1
2016,0.66502692,0.138,Transit,1
2014,83.488369,0.25426,Transit,1
2013,4.617101,1.092,Transit,1
2011,7.64159,0.489785,Transit,1
2014,68.16101,0.156125,Transit,1
2016,172.7049784,0.242,Transit,1
2015,3.3252725,0.998,Transit,1
2014,91.773242,0.181997,Transit,1
2016,12.53248465,0.296,Transit,1
2016,19.96371318,0.13,Transit,1
2014,3.173315,0.0722634,Transit,1
2014,14.749049,0.307788,Transit,1
2016,26.9644317,0.203,Transit,1
2016,3.03195744,0.079,Transit,1
2016,9.95661537,0.242,Transit,1
2016,6.93366476,0.123,Transit,1
2010,6.21229,0.57,Transit,1
2016,4.08227507,1.088,Transit,1
2016,2.61302086,0.15,Transit,1
2016,12.9460978,0.17,Transit,1
2016,2.46050993,0.105,Transit,1
2014,14.383035,0.152556,Transit,1
2016,2.46697439,0.132,Transit,1
2016,23.8990296,0.143,Transit,1
2014,5.700786,0.167722,Transit,1
2016,4.11584468,0.135,Transit,1
2012,9.24285,0.84,Transit,1
2014,11.97901,0.238201,Transit,1
2016,5.53608151,0.202,Transit,1
2016,2.53475627,0.25,Transit,1
2016,5.65179605,0.153,Transit,1
2016,5.65377733,0.207,Transit,1
2016,24.3397804,0.264,Transit,1
2016,6.26406846,0.129,Transit,1
2016,2.20921951,0.073,Transit,1
2016,17.671796,0.223,Transit,1
2016,11.87456832,0.122,Transit,1
2012,5.955,0.216,Transit,1
2016,6.1469851,0.189,Transit,1
2016,55.8226539,0.223,Transit,1
2016,14.53244172,0.279,Transit,1
2016,4.52158888,0.087,Transit,1
2016,4.99678284,0.232,Transit,1
2016,14.58649607,0.206,Transit,1
2016,3.908632,0.217,Transit,1
2014,27.320871,0.156125,Transit,1
2016,27.80756293,1.259,Transit,1
2011,8.7522,0.1784,Transit,1
2011,7.10664,0.169356,Transit,1
2011,2.9444256,0.962,Transit,1
2016,13.64618192,0.194,Transit,1
2016,198.088774,0.259,Transit,1
2016,3.03214559,0.264,Transit,1
2010,66.0634,0.244,Transit,1
2016,4.48487493,0.115,Transit,1
2014,17.308032,0.231064,Transit,1
2013,4.86069,1.08,Transit,1
2014,7.626324,0.10438,Transit,1
2014,16.068638,0.438933,Transit,1
2016,16.78176602,0.207,Transit,1
2016,2.99793191,0.079,Transit,1
2016,7.09714223,0.082,Transit,1
2004,1.689868,1.2,Transit,1
2016,8.50340718,0.145,Transit,1
2016,22.70816791,0.211,Transit,1
2016,2.41811321,0.087,Transit,1
2016,5.08005848,0.3,Transit,1
2016,153.343364,0.238,Transit,1
2016,4.1653651,0.094,Transit,1
2013,1.7497798,1.27,Transit,1
2016,9.10967112,0.106,Transit,1
2014,9.693201,0.182889,Transit,1
2014,2.46236,0.144527,Transit,1
2014,25.193458,0.140958,Transit,1
2016,16.07677615,0.199,Transit,1
2016,9.1149903,0.153,Transit,1
2016,9.27358194,0.229,Transit,1
2016,2.88879862,0.076,Transit,1
2016,36.2919336,0.207,Transit,1
2016,9.65185017,0.102,Transit,1
2016,41.6979976,0.188,Transit,1
2014,3.295709,0.255152,Transit,1
2014,160.018032,0.353288,Transit,1
2016,287.378949,0.541,Transit,1
2013,3.57878087,0.96,Transit,1
2016,5.00731778,0.76,Transit,1
2016,49.276764,0.193,Transit,1
2016,0.97486893,0.106,Transit,1
2014,2.211099,0.14185,Transit,1
2016,1.6255222,0.944,Transit,1
2016,8.5083244,0.23,Transit,1
2014,2.549575,0.0990276,Transit,1
2016,32.5637069,0.197,Transit,1
2016,5.39202539,0.236,Transit,1
2011,1.9550959,1.153,Transit,1
2016,125.4131177,0.222,Transit,1
2016,0.6381632,0.078,Transit,1
2016,0.56887443,0.139,Transit,1
2016,16.0506213,0.075,Transit,1
2016,15.36262753,0.173,Transit,1
2016,3.88689525,0.118,Transit,1
2016,5.18500207,0.128,Transit,1
2016,11.55530021,0.105,Transit,1
2013,191.2318,0.549,Timing,1
2014,7.125939,0.143635,Transit,1
2013,2.96264,1.1,Transit,1
2016,0.69297968,0.08,Transit,1
2014,34.096863,0.138282,Transit,1
2012,3.336649,0.374365,RV,1
2016,4.19042557,0.548,Transit,1
2016,11.55562343,0.176,Transit,1
2014,36.77031,0.240878,Transit,1
2016,11.41928253,0.178,Transit,1
2014,25.09849,0.125792,Transit,1
2016,101.951829,0.144,Transit,1
2016,21.0907758,0.168,Transit,1
2014,8.014927,0.176644,Transit,1
2016,8.63847725,0.189,Transit,1
2016,7.75192492,0.178,Transit,1
2014,6.61833,0.221251,Transit,1
2016,9.48961571,0.165,Transit,1
2014,7.384108,0.150772,Transit,1
2007,21.21663,1.02,RV,1
2016,148.4603382,0.315,Transit,1
2014,18.735753,0.167722,Transit,1
2016,9.91723428,0.232,Transit,1
2014,13.07163,0.205192,Transit,1
2016,23.9210791,0.196,Transit,1
2014,18.795952,0.696762,Transit,1
2016,0.96852602,0.105,Transit,1
2016,28.86235584,0.196,Transit,1
2014,4.301219,1.242,Transit,1
2014,13.391635,0.0999197,Transit,1
2014,24.209842,0.110625,Transit,1
2014,15.995622,0.0972433,Transit,1
2012,33.60134,0.808,Transit,1
2016,4.76703963,0.109,Transit,1
2016,6.53192704,0.216,Transit,1
2013,2.849375,1.69,Transit,1
2016,18.78425728,0.218,Transit,1
2016,31.8277111,0.158,Transit,1
2014,37.815724,0.115978,Transit,1
2006,2.47063,1.224,Transit,1
2014,20.060548,0.182889,Transit,1
2014,13.638723,0.107057,Transit,1
2016,14.03491514,0.213,Transit,1
2016,49.1013514,0.23,Transit,1
2016,133.4605235,0.614,Transit,1
2016,85.35129427,0.607,Transit,1
2016,8.0880135,0.243,Transit,1
2016,0.86838653,0.152,Transit,1
2015,52.501129,1.145,Transit,1
2016,7.8866311,0.745,Transit,1
2016,386.370548,0.279,Transit,1
2014,51.805612,0.281024,Transit,1
2016,3.78858982,0.158,Transit,1
2014,12.130686,0.148095,Transit,1
2016,7.44142113,0.113,Transit,1
2014,15.163161,0.271211,Transit,1
2009,4.954658,0.915,Transit,1
2011,3.052404,1.18,Transit,1
2014,5.315946,0.193594,Transit,1
2014,1.937055,0.0794005,Transit,1
2016,5.86601526,0.131,Transit,1
2016,6.11786898,0.092,Transit,1
2016,5.45849832,0.178,Transit,1
2016,81.1694299,0.302,Transit,1
2012,2.4238039,1.14,Transit,1
2014,76.050178,0.155232,Transit,1
2016,15.28469497,0.186,Transit,1
2014,3.468095,0.122223,Transit,1
2016,62.1387714,0.235,Transit,1
2016,136.205626,0.232,Transit,1
2016,3.16789194,0.261,Transit,1
2010,2.828042,1.44,Transit,1
2008,1.5089557,1.49,Transit,1
2016,28.6851324,0.262,Transit,1
2016,5.74772501,0.17,Transit,1
2014,3.353728,0.176644,Transit,1
2014,28.574263,0.214114,Transit,1
2016,17.13263989,0.236,Transit,1
2016,14.28226676,0.19,Transit,1
2014,4.263742,0.115086,Transit,1
2010,3.036179,0.101,Transit,1
2014,5.419026,0.120439,Transit,1
2016,14.97435694,0.12,Transit,1
2016,5.1856142,0.209,Transit,1
2016,3.76419105,0.154,Transit,1
2005,2.21857567,1.138,RV,1
2016,18.49235668,0.328,Transit,1
2016,7.2385854,0.123,Transit,1
2014,11.829851,0.113302,Transit,1
2014,6.186676,0.0999197,Transit,1
2014,44.000529,0.132929,Transit,1
2014,1.796302,0.110625,Transit,1
2016,5.34982412,0.106,Transit,1
2016,150.242127,0.414,Transit,1
2014,23.44281,0.106165,Transit,1
2014,41.749882,0.276563,Transit,1
2016,2.31942009,0.084,Transit,1
2016,2.75798267,0.177,Transit,1
2014,10.105785,0.11241,Transit,1
2014,10.495711,0.135605,Transit,1
2014,18.684737,0.172183,Transit,1
2016,6.10027804,0.302,Transit,1
2014,16.092,0.215006,Transit,1
2013,2.216726,1.01,Transit,1
2016,20.42228798,0.164,Transit,1
2016,33.1995648,0.246,Transit,1
2015,9.03081,0.3238,Transit,1
2014,6.00253,0.161477,Transit,1
2010,207.2482,0.146312,Transit,1
2014,29.198943,0.375591,Transit,1
2016,0.57736958,0.137,Transit,1
2014,125.866438,1.16335,Transit,1
2016,5.24867263,0.268,Transit,1
2016,3.11602791,0.146,Transit,1
2016,7.5844126,0.43,Transit,1
2014,247.35373,0.195379,Transit,1
2014,18.119869,0.282808,Transit,1
2016,4.40966548,0.123,Transit,1
2010,1.592851,0.146311,Transit,1
2011,7.2037945,0.242446,Transit,1
2014,4.08722,1.16,Transit,1
2016,47.0569043,0.294,Transit,1
2016,16.33889626,0.906,Transit,1
2012,4.61442,1.4,Transit,1
2016,2.29503623,0.11,Transit,1
2016,9.99113313,0.138,Transit,1
2016,9.33646594,0.194,Transit,1
2016,29.88485741,0.248,Transit,1
2016,48.4308991,0.202,Transit,1
2011,5.90124,0.1963,Transit,1
2016,47.14840805,0.223,Transit,1
2012,20.09,0.211,Transit,1
2016,6.36584161,0.25,Transit,1
2013,4.20474,1.26,Transit,1
2009,3.2130598,0.959,Transit,1
2014,20.552802,0.256936,Transit,1
2016,1.15116651,0.143,Transit,1
2016,127.9075774,0.58,Transit,1
2014,2.382961,0.157909,Transit,1
2016,20.3505213,0.089,Transit,1
2014,87.517905,0.146311,Transit,1
2014,43.8445,0.228368,Transit,1
2014,11.03189,0.130252,Transit,1
2014,9.034199,0.140066,Transit,1
2014,5.715442,0.218574,Transit,1
2016,21.02247699,0.304,Transit,1
2014,38.871826,0.256044,Transit,1
2014,4.159807,0.0722634,Transit,1
2016,30.229104,0.286,Transit,1
2014,17.460812,0.194487,Transit,1
2011,12.7204,0.463913,Transit,1
2016,4.45343281,0.077,Transit,1
2016,28.2274184,0.353,Transit,1
2016,3.60084276,0.116,Transit,1
2016,47.449955,0.153,Transit,1
2013,1.354133,1.168,Transit,1
2016,5.4042722,0.282,Transit,1
2010,3.922727,0.792,Transit,1
2008,3.9791,1.13,Transit,1
2016,7.99019627,0.136,Transit,1
2016,6.98471973,0.093,Transit,1
2014,28.081912,0.3292,Transit,1
2016,16.1288853,0.204,Transit,1
2016,19.5974971,0.279,Transit,1
2014,8.005013,0.142742,Transit,1
2016,2.60754383,0.171,Transit,1
2014,3.619337,0.132037,Transit,1
2012,12.0717249,0.109635,Transit,1
2011,5.66793,0.155094,Transit,1
2016,10.9295461,0.122,Transit,1
2014,7.416755,0.285485,Transit,1
2016,3.59576964,0.232,Transit,1
2014,4.617534,0.138282,Transit,1
2012,288.822,0.764,Transit,1
2016,1.04562266,0.118,Transit,1
2016,219.3217528,0.644,Transit,1
2014,12.904532,0.117763,Transit,1
2010,9.740486,0.0675,Transit,1
2014,2.024823,0.0909983,Transit,1
2007,2.5199449,1.516,Transit,1
2008,4.1877537,1.03,Transit,1
2007,2.899703,0.899,Transit,1
2016,37.94563,0.267,Transit,1
2016,6.9131112,0.083,Transit,1
2016,4.13962966,0.18,Transit,1
2014,10.848463,0.19181,Transit,1
2016,2.0523499,1.477,Transit,1
2014,3.33616,0.146311,Transit,1
2014,99.640161,0.247123,Transit,1
2016,9.32807355,0.054,Transit,1
2014,9.220524,0.0901062,Transit,1
2014,16.934402,0.11687,Transit,1
2016,5.33905686,0.187,Transit,1
2016,0.68996783,0.073,Transit,1
2016,2.54307286,0.116,Transit,1
2014,5.28696,0.041927,Transit,1
